
-- ----------------------------
-- 请仅在下面的数据库链接中执行该脚本。
-- 主数据源 [rm-2vc18hy5e4390e099oo.mysql.cn-chengdu.rds.aliyuncs.com:3306/zzdemo-multi]
-- ----------------------------

SET NAMES utf8mb4;
SET FOREIGN_KEY_CHECKS = 0;

-- ----------------------------
-- 全部菜单数据
-- ----------------------------
BEGIN;
INSERT INTO `sys_menu` VALUES(1627840812974870529,NULL,'系统管理',0,NULL,NULL,NULL,NULL,NULL,1,NULL,1627840812899373056,CURDATE(),1627840812899373056,CURDATE(),1);
INSERT INTO `sys_menu` VALUES(1627840812991647744,1627840812974870529,'用户管理',1,'formSysUser',NULL,NULL,NULL,NULL,100,NULL,1627840812899373056,CURDATE(),1627840812899373056,CURDATE(),1);
INSERT INTO `sys_menu` VALUES(1627843912880099425,1627840812991647744,'显示',3,NULL,NULL,NULL,NULL,NULL,1,NULL,1627840812899373056,CURDATE(),1627840812899373056,CURDATE(),1);
INSERT INTO `sys_menu` VALUES(1627843912880099426,1627840812991647744,'新增',3,NULL,NULL,NULL,NULL,NULL,2,NULL,1627840812899373056,CURDATE(),1627840812899373056,CURDATE(),1);
INSERT INTO `sys_menu` VALUES(1627843912880099427,1627840812991647744,'编辑',3,NULL,NULL,NULL,NULL,NULL,3,NULL,1627840812899373056,CURDATE(),1627840812899373056,CURDATE(),1);
INSERT INTO `sys_menu` VALUES(1627843912880099428,1627840812991647744,'删除',3,NULL,NULL,NULL,NULL,NULL,4,NULL,1627840812899373056,CURDATE(),1627840812899373056,CURDATE(),1);
INSERT INTO `sys_menu` VALUES(1627843912880099429,1627840812991647744,'重置密码',3,NULL,NULL,NULL,NULL,NULL,5,NULL,1627840812899373056,CURDATE(),1627840812899373056,CURDATE(),1);
INSERT INTO `sys_menu` VALUES(1627843912880099430,1627840812991647744,'权限详情',3,NULL,NULL,NULL,NULL,NULL,6,NULL,1627840812899373056,CURDATE(),1627840812899373056,CURDATE(),1);
INSERT INTO `sys_menu` VALUES(1627840812991647745,1627840812974870529,'部门管理',1,'formSysDept',NULL,NULL,NULL,NULL,105,NULL,1627840812899373056,CURDATE(),1627840812899373056,CURDATE(),1);
INSERT INTO `sys_menu` VALUES(1627843912880099439,1627840812991647745,'显示',3,NULL,NULL,NULL,NULL,NULL,1,NULL,1627840812899373056,CURDATE(),1627840812899373056,CURDATE(),1);
INSERT INTO `sys_menu` VALUES(1627843912880099440,1627840812991647745,'新增',3,NULL,NULL,NULL,NULL,NULL,2,NULL,1627840812899373056,CURDATE(),1627840812899373056,CURDATE(),1);
INSERT INTO `sys_menu` VALUES(1627843912880099441,1627840812991647745,'编辑',3,NULL,NULL,NULL,NULL,NULL,3,NULL,1627840812899373056,CURDATE(),1627840812899373056,CURDATE(),1);
INSERT INTO `sys_menu` VALUES(1627843912880099442,1627840812991647745,'删除',3,NULL,NULL,NULL,NULL,NULL,4,NULL,1627840812899373056,CURDATE(),1627840812899373056,CURDATE(),1);
INSERT INTO `sys_menu` VALUES(1627840812991647746,1627840812974870529,'角色管理',1,'formSysRole',NULL,NULL,NULL,NULL,110,NULL,1627840812899373056,CURDATE(),1627840812899373056,CURDATE(),1);
INSERT INTO `sys_menu` VALUES(1627843912880099449,1627840812991647746,'角色管理',2,NULL,NULL,NULL,NULL,NULL,1,NULL,1627840812899373056,CURDATE(),1627840812899373056,CURDATE(),1);
INSERT INTO `sys_menu` VALUES(1627843912880099450,1627840812991647746,'用户授权',2,NULL,NULL,NULL,NULL,NULL,2,NULL,1627840812899373056,CURDATE(),1627840812899373056,CURDATE(),1);
INSERT INTO `sys_menu` VALUES(1627843912880099451,1627843912880099449,'显示',3,NULL,NULL,NULL,NULL,NULL,1,NULL,1627840812899373056,CURDATE(),1627840812899373056,CURDATE(),1);
INSERT INTO `sys_menu` VALUES(1627843912880099452,1627843912880099449,'新增',3,NULL,NULL,NULL,NULL,NULL,2,NULL,1627840812899373056,CURDATE(),1627840812899373056,CURDATE(),1);
INSERT INTO `sys_menu` VALUES(1627843912880099453,1627843912880099449,'编辑',3,NULL,NULL,NULL,NULL,NULL,3,NULL,1627840812899373056,CURDATE(),1627840812899373056,CURDATE(),1);
INSERT INTO `sys_menu` VALUES(1627843912880099454,1627843912880099449,'删除',3,NULL,NULL,NULL,NULL,NULL,4,NULL,1627840812899373056,CURDATE(),1627840812899373056,CURDATE(),1);
INSERT INTO `sys_menu` VALUES(1627843912880099455,1627843912880099449,'权限详情',3,NULL,NULL,NULL,NULL,NULL,5,NULL,1627840812899373056,CURDATE(),1627840812899373056,CURDATE(),1);
INSERT INTO `sys_menu` VALUES(1627843912880099456,1627843912880099450,'显示',3,NULL,NULL,NULL,NULL,NULL,1,NULL,1627840812899373056,CURDATE(),1627840812899373056,CURDATE(),1);
INSERT INTO `sys_menu` VALUES(1627843912880099457,1627843912880099450,'授权用户',3,NULL,NULL,NULL,NULL,NULL,2,NULL,1627840812899373056,CURDATE(),1627840812899373056,CURDATE(),1);
INSERT INTO `sys_menu` VALUES(1627843912880099458,1627843912880099450,'移除用户',3,NULL,NULL,NULL,NULL,NULL,3,NULL,1627840812899373056,CURDATE(),1627840812899373056,CURDATE(),1);
INSERT INTO `sys_menu` VALUES(1627840812991647747,1627840812974870529,'数据权限管理',1,'formSysDataPerm',NULL,NULL,NULL,NULL,115,NULL,1627840812899373056,CURDATE(),1627840812899373056,CURDATE(),1);
INSERT INTO `sys_menu` VALUES(1627843912880099469,1627840812991647747,'数据权限管理',2,NULL,NULL,NULL,NULL,NULL,1,NULL,1627840812899373056,CURDATE(),1627840812899373056,CURDATE(),1);
INSERT INTO `sys_menu` VALUES(1627843912880099470,1627840812991647747,'用户授权',2,NULL,NULL,NULL,NULL,NULL,2,NULL,1627840812899373056,CURDATE(),1627840812899373056,CURDATE(),1);
INSERT INTO `sys_menu` VALUES(1627843912880099471,1627843912880099469,'显示',3,NULL,NULL,NULL,NULL,NULL,1,NULL,1627840812899373056,CURDATE(),1627840812899373056,CURDATE(),1);
INSERT INTO `sys_menu` VALUES(1627843912880099472,1627843912880099469,'新增',3,NULL,NULL,NULL,NULL,NULL,2,NULL,1627840812899373056,CURDATE(),1627840812899373056,CURDATE(),1);
INSERT INTO `sys_menu` VALUES(1627843912880099473,1627843912880099469,'编辑',3,NULL,NULL,NULL,NULL,NULL,3,NULL,1627840812899373056,CURDATE(),1627840812899373056,CURDATE(),1);
INSERT INTO `sys_menu` VALUES(1627843912880099474,1627843912880099469,'删除',3,NULL,NULL,NULL,NULL,NULL,4,NULL,1627840812899373056,CURDATE(),1627840812899373056,CURDATE(),1);
INSERT INTO `sys_menu` VALUES(1627843912880099475,1627843912880099470,'显示',3,NULL,NULL,NULL,NULL,NULL,1,NULL,1627840812899373056,CURDATE(),1627840812899373056,CURDATE(),1);
INSERT INTO `sys_menu` VALUES(1627843912880099476,1627843912880099470,'授权用户',3,NULL,NULL,NULL,NULL,NULL,2,NULL,1627840812899373056,CURDATE(),1627840812899373056,CURDATE(),1);
INSERT INTO `sys_menu` VALUES(1627843912880099477,1627843912880099470,'移除用户',3,NULL,NULL,NULL,NULL,NULL,3,NULL,1627840812899373056,CURDATE(),1627840812899373056,CURDATE(),1);
INSERT INTO `sys_menu` VALUES(1627840812991647748,1627840812974870529,'菜单管理',1,'formSysMenu',NULL,NULL,NULL,NULL,120,NULL,1627840812899373056,CURDATE(),1627840812899373056,CURDATE(),1);
INSERT INTO `sys_menu` VALUES(1627843912880099487,1627840812991647748,'显示',3,NULL,NULL,NULL,NULL,NULL,1,NULL,1627840812899373056,CURDATE(),1627840812899373056,CURDATE(),1);
INSERT INTO `sys_menu` VALUES(1627843912880099488,1627840812991647748,'新增',3,NULL,NULL,NULL,NULL,NULL,2,NULL,1627840812899373056,CURDATE(),1627840812899373056,CURDATE(),1);
INSERT INTO `sys_menu` VALUES(1627843912880099489,1627840812991647748,'编辑',3,NULL,NULL,NULL,NULL,NULL,3,NULL,1627840812899373056,CURDATE(),1627840812899373056,CURDATE(),1);
INSERT INTO `sys_menu` VALUES(1627843912880099490,1627840812991647748,'删除',3,NULL,NULL,NULL,NULL,NULL,4,NULL,1627840812899373056,CURDATE(),1627840812899373056,CURDATE(),1);
INSERT INTO `sys_menu` VALUES(1627843912880099491,1627840812991647748,'权限详情',3,NULL,NULL,NULL,NULL,NULL,5,NULL,1627840812899373056,CURDATE(),1627840812899373056,CURDATE(),1);
INSERT INTO `sys_menu` VALUES(1627840812991647749,1627840812974870529,'权限字管理',1,'formSysPermCode',NULL,NULL,NULL,NULL,125,NULL,1627840812899373056,CURDATE(),1627840812899373056,CURDATE(),1);
INSERT INTO `sys_menu` VALUES(1627843912880099499,1627840812991647749,'显示',3,NULL,NULL,NULL,NULL,NULL,1,NULL,1627840812899373056,CURDATE(),1627840812899373056,CURDATE(),1);
INSERT INTO `sys_menu` VALUES(1627843912880099500,1627840812991647749,'新增',3,NULL,NULL,NULL,NULL,NULL,2,NULL,1627840812899373056,CURDATE(),1627840812899373056,CURDATE(),1);
INSERT INTO `sys_menu` VALUES(1627843912880099501,1627840812991647749,'编辑',3,NULL,NULL,NULL,NULL,NULL,3,NULL,1627840812899373056,CURDATE(),1627840812899373056,CURDATE(),1);
INSERT INTO `sys_menu` VALUES(1627843912880099502,1627840812991647749,'删除',3,NULL,NULL,NULL,NULL,NULL,4,NULL,1627840812899373056,CURDATE(),1627840812899373056,CURDATE(),1);
INSERT INTO `sys_menu` VALUES(1627843912880099503,1627840812991647749,'权限详情',3,NULL,NULL,NULL,NULL,NULL,5,NULL,1627840812899373056,CURDATE(),1627840812899373056,CURDATE(),1);
INSERT INTO `sys_menu` VALUES(1627840812991647750,1627840812974870529,'权限管理',1,'formSysPerm',NULL,NULL,NULL,NULL,130,NULL,1627840812899373056,CURDATE(),1627840812899373056,CURDATE(),1);
INSERT INTO `sys_menu` VALUES(1627843912880099511,1627840812991647750,'显示',3,NULL,NULL,NULL,NULL,NULL,1,NULL,1627840812899373056,CURDATE(),1627840812899373056,CURDATE(),1);
INSERT INTO `sys_menu` VALUES(1627843912880099512,1627840812991647750,'新增模块',3,NULL,NULL,NULL,NULL,NULL,2,NULL,1627840812899373056,CURDATE(),1627840812899373056,CURDATE(),1);
INSERT INTO `sys_menu` VALUES(1627843912880099513,1627840812991647750,'编辑模块',3,NULL,NULL,NULL,NULL,NULL,3,NULL,1627840812899373056,CURDATE(),1627840812899373056,CURDATE(),1);
INSERT INTO `sys_menu` VALUES(1627843912880099514,1627840812991647750,'删除模块',3,NULL,NULL,NULL,NULL,NULL,4,NULL,1627840812899373056,CURDATE(),1627840812899373056,CURDATE(),1);
INSERT INTO `sys_menu` VALUES(1627843912880099515,1627840812991647750,'新增权限',3,NULL,NULL,NULL,NULL,NULL,5,NULL,1627840812899373056,CURDATE(),1627840812899373056,CURDATE(),1);
INSERT INTO `sys_menu` VALUES(1627843912880099516,1627840812991647750,'编辑权限',3,NULL,NULL,NULL,NULL,NULL,6,NULL,1627840812899373056,CURDATE(),1627840812899373056,CURDATE(),1);
INSERT INTO `sys_menu` VALUES(1627843912880099517,1627840812991647750,'删除权限',3,NULL,NULL,NULL,NULL,NULL,7,NULL,1627840812899373056,CURDATE(),1627840812899373056,CURDATE(),1);
INSERT INTO `sys_menu` VALUES(1627843912880099518,1627840812991647750,'权限详情',3,NULL,NULL,NULL,NULL,NULL,8,NULL,1627840812899373056,CURDATE(),1627840812899373056,CURDATE(),1);
INSERT INTO `sys_menu` VALUES(1627840812991647751,1627840812974870529,'字典管理',1,'formSysDict',NULL,NULL,NULL,NULL,135,NULL,1627840812899373056,CURDATE(),1627840812899373056,CURDATE(),1);
INSERT INTO `sys_menu` VALUES(1627843912880099529,1627840812991647751,'显示',3,NULL,NULL,NULL,NULL,NULL,1,NULL,1627840812899373056,CURDATE(),1627840812899373056,CURDATE(),1);
INSERT INTO `sys_menu` VALUES(1627843912880099530,1627840812991647751,'新增',3,NULL,NULL,NULL,NULL,NULL,2,NULL,1627840812899373056,CURDATE(),1627840812899373056,CURDATE(),1);
INSERT INTO `sys_menu` VALUES(1627843912880099531,1627840812991647751,'编辑',3,NULL,NULL,NULL,NULL,NULL,3,NULL,1627840812899373056,CURDATE(),1627840812899373056,CURDATE(),1);
INSERT INTO `sys_menu` VALUES(1627843912880099532,1627840812991647751,'删除',3,NULL,NULL,NULL,NULL,NULL,4,NULL,1627840812899373056,CURDATE(),1627840812899373056,CURDATE(),1);
INSERT INTO `sys_menu` VALUES(1627843912880099533,1627840812991647751,'同步缓存',3,NULL,NULL,NULL,NULL,NULL,5,NULL,1627840812899373056,CURDATE(),1627840812899373056,CURDATE(),1);
INSERT INTO `sys_menu` VALUES(1627840812991647752,1627840812974870529,'操作日志',1,'formSysOperationLog',NULL,NULL,NULL,NULL,140,NULL,1627840812899373056,CURDATE(),1627840812899373056,CURDATE(),1);
INSERT INTO `sys_menu` VALUES(1627843912880099541,1627840812991647752,'显示',3,NULL,NULL,NULL,NULL,NULL,1,NULL,1627840812899373056,CURDATE(),1627840812899373056,CURDATE(),1);
INSERT INTO `sys_menu` VALUES(1627840812991647753,1627840812974870529,'在线用户',1,'formSysLoginUser',NULL,NULL,NULL,NULL,145,NULL,1627840812899373056,CURDATE(),1627840812899373056,CURDATE(),1);
INSERT INTO `sys_menu` VALUES(1627843912880099545,1627840812991647753,'显示',3,NULL,NULL,NULL,NULL,NULL,1,NULL,1627840812899373056,CURDATE(),1627840812899373056,CURDATE(),1);
INSERT INTO `sys_menu` VALUES(1627843912880099546,1627840812991647753,'强制下线',3,NULL,NULL,NULL,NULL,NULL,2,NULL,1627840812899373056,CURDATE(),1627840812899373056,CURDATE(),1);

-- ----------------------------
-- 以下记录用于工作流，这里的注释，是为了便于老用户进行手动数据补偿。
-- ----------------------------
INSERT INTO `sys_menu` VALUES (1418057714138877952,NULL,'流程管理',0,NULL,NULL,NULL,NULL,NULL,3,NULL,1627840812899373056,CURDATE(),1627840812899373056,CURDATE(),1);
INSERT INTO `sys_menu` VALUES (1418059005175009280,NULL,'任务管理',0,NULL,NULL,NULL,NULL,NULL,4,NULL,1627840812899373056,CURDATE(),1627840812899373056,CURDATE(),1);
INSERT INTO `sys_menu` VALUES (1418057835631087616,1418057714138877952,'流程分类',1,'formFlowCategory',NULL,NULL,NULL,NULL,1,NULL,1627840812899373056,CURDATE(),1627840812899373056,CURDATE(),1);
INSERT INTO `sys_menu` VALUES (1418058049951633408,1418057835631087616,'新建',3,NULL,NULL,NULL,NULL,NULL,1,NULL,1627840812899373056,CURDATE(),1627840812899373056,CURDATE(),1);
INSERT INTO `sys_menu` VALUES (1418058115667988480,1418057835631087616,'编辑',3,NULL,NULL,NULL,NULL,NULL,2,NULL,1627840812899373056,CURDATE(),1627840812899373056,CURDATE(),1);
INSERT INTO `sys_menu` VALUES (1418058170542067712,1418057835631087616,'删除',3,NULL,NULL,NULL,NULL,NULL,3,NULL,1627840812899373056,CURDATE(),1627840812899373056,CURDATE(),1);
INSERT INTO `sys_menu` VALUES (1418058289182150656,1418057714138877952,'流程设计',1,'formFlowEntry',NULL,NULL,NULL,NULL,2,NULL,1627840812899373056,CURDATE(),1627840812899373056,CURDATE(),1);
INSERT INTO `sys_menu` VALUES (1418058515099947008,1418058289182150656,'启动',3,NULL,NULL,NULL,NULL,NULL,1,NULL,1627840812899373056,CURDATE(),1627840812899373056,CURDATE(),1);
INSERT INTO `sys_menu` VALUES (1418058602723151872,1418058289182150656,'编辑',3,NULL,NULL,NULL,NULL,NULL,2,NULL,1627840812899373056,CURDATE(),1627840812899373056,CURDATE(),1);
INSERT INTO `sys_menu` VALUES (1418058744037642240,1418057714138877952,'流程实例',1,'formAllInstance',NULL,NULL,NULL,NULL,3,NULL,1627840812899373056,CURDATE(),1627840812899373056,CURDATE(),1);
INSERT INTO `sys_menu` VALUES (1418058844164067328,1418058744037642240,'终止',3,NULL,NULL,NULL,NULL,NULL,1,NULL,1627840812899373056,CURDATE(),1627840812899373056,CURDATE(),1);
INSERT INTO `sys_menu` VALUES (1418058907674218496,1418058744037642240,'删除',3,NULL,NULL,NULL,NULL,NULL,2,NULL,1627840812899373056,CURDATE(),1627840812899373056,CURDATE(),1);
INSERT INTO `sys_menu` VALUES (1418059167532322816,1418059005175009280,'待办任务',1,'formMyTask',NULL,NULL,NULL,NULL,1,NULL,1627840812899373056,CURDATE(),1627840812899373056,CURDATE(),1);
INSERT INTO `sys_menu` VALUES (1423161217970606080,1418059005175009280,'已办任务',1,'formMyApprovedTask',NULL,NULL,NULL,NULL,2,NULL,1627840812899373056,CURDATE(),1627840812899373056,CURDATE(),1);
INSERT INTO `sys_menu` VALUES (1418059283920064512,1418059005175009280,'历史任务',1,'formMyHistoryTask',NULL,NULL,NULL,NULL,3,NULL,1627840812899373056,CURDATE(),1627840812899373056,CURDATE(),1);
COMMIT;

-- ----------------------------
-- 全部权限字数据
-- ----------------------------
BEGIN;
INSERT INTO `sys_perm_code` VALUES(1627843912880099492,NULL,'formSysMenu',0,'菜单管理',10600,1627840812899373056,CURDATE(),1627840812899373056,CURDATE(),1);
INSERT INTO `sys_perm_code` VALUES(1627843912880099497,1627843912880099493,'formSysMenu:fragmentSysMenu:listSysMenuPermDetail',2,'权限详情',4,1627840812899373056,CURDATE(),1627840812899373056,CURDATE(),1);
INSERT INTO `sys_perm_code` VALUES(1627843912880099480,1627843912880099478,'formSysDataPerm:fragmentSysDataPermUser',1,'用户授权',2,1627840812899373056,CURDATE(),1627840812899373056,CURDATE(),1);
INSERT INTO `sys_perm_code` VALUES(1627843912880099437,1627843912880099432,'formSysUser:fragmentSysUser:listSysUserPermDetail',2,'权限详情',5,1627840812899373056,CURDATE(),1627840812899373056,CURDATE(),1);
INSERT INTO `sys_perm_code` VALUES(1627843912880099464,1627843912880099460,'formSysRole:fragmentSysRole:delete',2,'删除',3,1627840812899373056,CURDATE(),1627840812899373056,CURDATE(),1);
INSERT INTO `sys_perm_code` VALUES(1627843912880099504,NULL,'formSysPermCode',0,'权限字管理',10700,1627840812899373056,CURDATE(),1627840812899373056,CURDATE(),1);
INSERT INTO `sys_perm_code` VALUES(1627843912880099466,1627843912880099461,'formSysRole:fragmentSysRoleUser:addUserRole',2,'授权用户',1,1627840812899373056,CURDATE(),1627840812899373056,CURDATE(),1);
INSERT INTO `sys_perm_code` VALUES(1627843912880099519,NULL,'formSysPerm',0,'权限管理',10800,1627840812899373056,CURDATE(),1627840812899373056,CURDATE(),1);
INSERT INTO `sys_perm_code` VALUES(1627843912880099522,1627843912880099520,'formSysPerm:fragmentSysPerm:updatePermModule',2,'编辑模块',2,1627840812899373056,CURDATE(),1627840812899373056,CURDATE(),1);
INSERT INTO `sys_perm_code` VALUES(1627843912880099459,NULL,'formSysRole',0,'角色管理',10200,1627840812899373056,CURDATE(),1627840812899373056,CURDATE(),1);
INSERT INTO `sys_perm_code` VALUES(1627843912880099485,1627843912880099480,'formSysDataPerm:fragmentSysDataPermUser:deleteDataPermUser',2,'移除用户',2,1627840812899373056,CURDATE(),1627840812899373056,CURDATE(),1);
INSERT INTO `sys_perm_code` VALUES(1627843912880099505,1627843912880099504,'formSysPermCode:fragmentSysPermCode',1,'权限字管理',1,1627840812899373056,CURDATE(),1627840812899373056,CURDATE(),1);
INSERT INTO `sys_perm_code` VALUES(1627843912880099547,NULL,'formSysLoginUser',0,'在线用户',11200,1627840812899373056,CURDATE(),1627840812899373056,CURDATE(),1);
INSERT INTO `sys_perm_code` VALUES(1627843912880099536,1627843912880099535,'formSysDict:fragmentSysDict:add',2,'新增',1,1627840812899373056,CURDATE(),1627840812899373056,CURDATE(),1);
INSERT INTO `sys_perm_code` VALUES(1627843912880099538,1627843912880099535,'formSysDict:fragmentSysDict:delete',2,'删除',3,1627840812899373056,CURDATE(),1627840812899373056,CURDATE(),1);
INSERT INTO `sys_perm_code` VALUES(1627843912880099433,1627843912880099432,'formSysUser:fragmentSysUser:add',2,'新增',1,1627840812899373056,CURDATE(),1627840812899373056,CURDATE(),1);
INSERT INTO `sys_perm_code` VALUES(1627843912880099443,NULL,'formSysDept',0,'部门管理',10100,1627840812899373056,CURDATE(),1627840812899373056,CURDATE(),1);
INSERT INTO `sys_perm_code` VALUES(1627843912880099539,1627843912880099535,'formSysDict:fragmentSysDict:reloadCache',2,'同步缓存',4,1627840812899373056,CURDATE(),1627840812899373056,CURDATE(),1);
INSERT INTO `sys_perm_code` VALUES(1627843912880099506,1627843912880099505,'formSysPermCode:fragmentSysPermCode:add',2,'新增',1,1627840812899373056,CURDATE(),1627840812899373056,CURDATE(),1);
INSERT INTO `sys_perm_code` VALUES(1627843912880099431,NULL,'formSysUser',0,'用户管理',10000,1627840812899373056,CURDATE(),1627840812899373056,CURDATE(),1);
INSERT INTO `sys_perm_code` VALUES(1627843912880099482,1627843912880099479,'formSysDataPerm:fragmentSysDataPerm:update',2,'编辑',2,1627840812899373056,CURDATE(),1627840812899373056,CURDATE(),1);
INSERT INTO `sys_perm_code` VALUES(1627843912880099526,1627843912880099520,'formSysPerm:fragmentSysPerm:deletePerm',2,'删除权限',6,1627840812899373056,CURDATE(),1627840812899373056,CURDATE(),1);
INSERT INTO `sys_perm_code` VALUES(1627843912880099507,1627843912880099505,'formSysPermCode:fragmentSysPermCode:update',2,'编辑',2,1627840812899373056,CURDATE(),1627840812899373056,CURDATE(),1);
INSERT INTO `sys_perm_code` VALUES(1627843912880099447,1627843912880099444,'formSysDept:fragmentSysDept:delete',2,'删除',3,1627840812899373056,CURDATE(),1627840812899373056,CURDATE(),1);
INSERT INTO `sys_perm_code` VALUES(1627843912880099460,1627843912880099459,'formSysRole:fragmentSysRole',1,'角色管理',1,1627840812899373056,CURDATE(),1627840812899373056,CURDATE(),1);
INSERT INTO `sys_perm_code` VALUES(1627843912880099483,1627843912880099479,'formSysDataPerm:fragmentSysDataPerm:delete',2,'删除',3,1627840812899373056,CURDATE(),1627840812899373056,CURDATE(),1);
INSERT INTO `sys_perm_code` VALUES(1627843912880099525,1627843912880099520,'formSysPerm:fragmentSysPerm:updatePerm',2,'编辑权限',5,1627840812899373056,CURDATE(),1627840812899373056,CURDATE(),1);
INSERT INTO `sys_perm_code` VALUES(1627843912880099481,1627843912880099479,'formSysDataPerm:fragmentSysDataPerm:add',2,'新增',1,1627840812899373056,CURDATE(),1627840812899373056,CURDATE(),1);
INSERT INTO `sys_perm_code` VALUES(1627843912880099521,1627843912880099520,'formSysPerm:fragmentSysPerm:addPermModule',2,'新增模块',1,1627840812899373056,CURDATE(),1627840812899373056,CURDATE(),1);
INSERT INTO `sys_perm_code` VALUES(1627843912880099549,1627843912880099548,'formSysLoginUser:fragmentLoginUser:delete',2,'强制下线',1,1627840812899373056,CURDATE(),1627840812899373056,CURDATE(),1);
INSERT INTO `sys_perm_code` VALUES(1627843912880099542,NULL,'formSysOperationLog',0,'操作日志',11100,1627840812899373056,CURDATE(),1627840812899373056,CURDATE(),1);
INSERT INTO `sys_perm_code` VALUES(1627843912880099432,1627843912880099431,'formSysUser:fragmentSysUser',1,'用户管理',1,1627840812899373056,CURDATE(),1627840812899373056,CURDATE(),1);
INSERT INTO `sys_perm_code` VALUES(1627843912880099509,1627843912880099505,'formSysPermCode:fragmentSysPermCode:listSysPermCodePermDetail',2,'权限详情',4,1627840812899373056,CURDATE(),1627840812899373056,CURDATE(),1);
INSERT INTO `sys_perm_code` VALUES(1627843912880099496,1627843912880099493,'formSysMenu:fragmentSysMenu:delete',2,'删除',3,1627840812899373056,CURDATE(),1627840812899373056,CURDATE(),1);
INSERT INTO `sys_perm_code` VALUES(1627843912880099467,1627843912880099461,'formSysRole:fragmentSysRoleUser:deleteUserRole',2,'移除用户',2,1627840812899373056,CURDATE(),1627840812899373056,CURDATE(),1);
INSERT INTO `sys_perm_code` VALUES(1627843912880099535,1627843912880099534,'formSysDict:fragmentSysDict',1,'字典管理',1,1627840812899373056,CURDATE(),1627840812899373056,CURDATE(),1);
INSERT INTO `sys_perm_code` VALUES(1627843912880099434,1627843912880099432,'formSysUser:fragmentSysUser:update',2,'编辑',2,1627840812899373056,CURDATE(),1627840812899373056,CURDATE(),1);
INSERT INTO `sys_perm_code` VALUES(1627843912880099479,1627843912880099478,'formSysDataPerm:fragmentSysDataPerm',1,'数据权限管理',1,1627840812899373056,CURDATE(),1627840812899373056,CURDATE(),1);
INSERT INTO `sys_perm_code` VALUES(1627843912880099436,1627843912880099432,'formSysUser:fragmentSysUser:resetPassword',2,'重置密码',4,1627840812899373056,CURDATE(),1627840812899373056,CURDATE(),1);
INSERT INTO `sys_perm_code` VALUES(1627843912880099534,NULL,'formSysDict',0,'字典管理',10900,1627840812899373056,CURDATE(),1627840812899373056,CURDATE(),1);
INSERT INTO `sys_perm_code` VALUES(1627843912880099495,1627843912880099493,'formSysMenu:fragmentSysMenu:update',2,'编辑',2,1627840812899373056,CURDATE(),1627840812899373056,CURDATE(),1);
INSERT INTO `sys_perm_code` VALUES(1627843912880099524,1627843912880099520,'formSysPerm:fragmentSysPerm:addPerm',2,'新增权限',4,1627840812899373056,CURDATE(),1627840812899373056,CURDATE(),1);
INSERT INTO `sys_perm_code` VALUES(1627843912880099435,1627843912880099432,'formSysUser:fragmentSysUser:delete',2,'删除',3,1627840812899373056,CURDATE(),1627840812899373056,CURDATE(),1);
INSERT INTO `sys_perm_code` VALUES(1627843912880099493,1627843912880099492,'formSysMenu:fragmentSysMenu',1,'菜单管理',1,1627840812899373056,CURDATE(),1627840812899373056,CURDATE(),1);
INSERT INTO `sys_perm_code` VALUES(1627843912880099537,1627843912880099535,'formSysDict:fragmentSysDict:update',2,'编辑',2,1627840812899373056,CURDATE(),1627840812899373056,CURDATE(),1);
INSERT INTO `sys_perm_code` VALUES(1627843912880099445,1627843912880099444,'formSysDept:fragmentSysDept:add',2,'新增',1,1627840812899373056,CURDATE(),1627840812899373056,CURDATE(),1);
INSERT INTO `sys_perm_code` VALUES(1627843912880099520,1627843912880099519,'formSysPerm:fragmentSysPerm',1,'权限管理',1,1627840812899373056,CURDATE(),1627840812899373056,CURDATE(),1);
INSERT INTO `sys_perm_code` VALUES(1627843912880099461,1627843912880099459,'formSysRole:fragmentSysRoleUser',1,'用户授权',2,1627840812899373056,CURDATE(),1627840812899373056,CURDATE(),1);
INSERT INTO `sys_perm_code` VALUES(1627843912880099462,1627843912880099460,'formSysRole:fragmentSysRole:add',2,'新增',1,1627840812899373056,CURDATE(),1627840812899373056,CURDATE(),1);
INSERT INTO `sys_perm_code` VALUES(1627843912880099446,1627843912880099444,'formSysDept:fragmentSysDept:update',2,'编辑',2,1627840812899373056,CURDATE(),1627840812899373056,CURDATE(),1);
INSERT INTO `sys_perm_code` VALUES(1627843912880099523,1627843912880099520,'formSysPerm:fragmentSysPerm:deletePermModule',2,'删除模块',3,1627840812899373056,CURDATE(),1627840812899373056,CURDATE(),1);
INSERT INTO `sys_perm_code` VALUES(1627843912880099527,1627843912880099520,'formSysPerm:fragmentSysPerm:listSysPermPermDetail',2,'权限详情',7,1627840812899373056,CURDATE(),1627840812899373056,CURDATE(),1);
INSERT INTO `sys_perm_code` VALUES(1627843912880099478,NULL,'formSysDataPerm',0,'数据权限管理',10400,1627840812899373056,CURDATE(),1627840812899373056,CURDATE(),1);
INSERT INTO `sys_perm_code` VALUES(1627843912880099463,1627843912880099460,'formSysRole:fragmentSysRole:update',2,'编辑',2,1627840812899373056,CURDATE(),1627840812899373056,CURDATE(),1);
INSERT INTO `sys_perm_code` VALUES(1627843912880099484,1627843912880099480,'formSysDataPerm:fragmentSysDataPermUser:addDataPermUser',2,'授权用户',1,1627840812899373056,CURDATE(),1627840812899373056,CURDATE(),1);
INSERT INTO `sys_perm_code` VALUES(1627843912880099465,1627843912880099460,'formSysRole:fragmentSysRole:listSysRolePermDetail',2,'权限详情',4,1627840812899373056,CURDATE(),1627840812899373056,CURDATE(),1);
INSERT INTO `sys_perm_code` VALUES(1627843912880099494,1627843912880099493,'formSysMenu:fragmentSysMenu:add',2,'新增',1,1627840812899373056,CURDATE(),1627840812899373056,CURDATE(),1);
INSERT INTO `sys_perm_code` VALUES(1627843912880099508,1627843912880099505,'formSysPermCode:fragmentSysPermCode:delete',2,'删除',3,1627840812899373056,CURDATE(),1627840812899373056,CURDATE(),1);
INSERT INTO `sys_perm_code` VALUES(1627843912880099543,1627843912880099542,'formSysOperationLog:fragmentSysOperationLog',1,'操作日志',1,1627840812899373056,CURDATE(),1627840812899373056,CURDATE(),1);
INSERT INTO `sys_perm_code` VALUES(1627843912880099444,1627843912880099443,'formSysDept:fragmentSysDept',1,'部门管理',1,1627840812899373056,CURDATE(),1627840812899373056,CURDATE(),1);
INSERT INTO `sys_perm_code` VALUES(1627843912880099548,1627843912880099547,'formSysLoginUser:fragmentLoginUser',1,'在线用户',1,1627840812899373056,CURDATE(),1627840812899373056,CURDATE(),1);

-- ----------------------------
-- 以下记录用于工作流，这里的注释，是为了便于老用户进行手动数据补偿。
-- ----------------------------
INSERT INTO `sys_perm_code` VALUES (1418046729906819072,NULL,'formFlowCategory',0,'流程分类',13000,1627840812899373056,CURDATE(),1627840812899373056,CURDATE(),1);
INSERT INTO `sys_perm_code` VALUES (1418048134759583744,NULL,'formFlowEntry',0,'流程设计',13100,1627840812899373056,CURDATE(),1627840812899373056,CURDATE(),1);
INSERT INTO `sys_perm_code` VALUES (1418048872671875072,NULL,'formAllInstance',0,'流程实例',13200,1627840812899373056,CURDATE(),1627840812899373056,CURDATE(),1);
INSERT INTO `sys_perm_code` VALUES (1418050031436435456,NULL,'formMyTask',0,'我的待办',13300,1627840812899373056,CURDATE(),1627840812899373056,CURDATE(),1);
INSERT INTO `sys_perm_code` VALUES (1418057020824621056,NULL,'formMyHistoryTask',0,'历史流程',13400,1627840812899373056,CURDATE(),1627840812899373056,CURDATE(),1);
INSERT INTO `sys_perm_code` VALUES (1423636498195943424,NULL,'formMyApprovedTask',0,'已办任务',13500,1627840812899373056,CURDATE(),1627840812899373056,CURDATE(),1);
INSERT INTO `sys_perm_code` VALUES (1418046848794365952,1418046729906819072,'formFlowCategory:formFlowCategory',1,'流程分类',1,1627840812899373056,CURDATE(),1627840812899373056,CURDATE(),1);
INSERT INTO `sys_perm_code` VALUES (1418046986677915648,1418046848794365952,'formFlowCategory:formFlowCategory:add',2,'新增',1,1627840812899373056,CURDATE(),1627840812899373056,CURDATE(),1);
INSERT INTO `sys_perm_code` VALUES (1418047095188754432,1418046848794365952,'formFlowCategory:formFlowCategory:update',2,'编辑',2,1627840812899373056,CURDATE(),1627840812899373056,CURDATE(),1);
INSERT INTO `sys_perm_code` VALUES (1418047182946177024,1418046848794365952,'formFlowCategory:formFlowCategory:delete',2,'删除',3,1627840812899373056,CURDATE(),1627840812899373056,CURDATE(),1);
INSERT INTO `sys_perm_code` VALUES (1418048205177753600,1418048134759583744,'formFlowEntry:formFlowEntry',1,'流程设计',1,1627840812899373056,CURDATE(),1627840812899373056,CURDATE(),1);
INSERT INTO `sys_perm_code` VALUES (1418050797706416128,1418048205177753600,'formFlowEntry:formFlowEntry:start',2,'启动',2,1627840812899373056,CURDATE(),1627840812899373056,CURDATE(),1);
INSERT INTO `sys_perm_code` VALUES (1418048335343783936,1418048205177753600,'formFlowEntry:formFlowEntry:update',2,'编辑',1,1627840812899373056,CURDATE(),1627840812899373056,CURDATE(),1);
INSERT INTO `sys_perm_code` VALUES (1418049164754817024,1418048872671875072,'formAllInstance:formAllInstance',1,'流程实例',1,1627840812899373056,CURDATE(),1627840812899373056,CURDATE(),1);
INSERT INTO `sys_perm_code` VALUES (1418049287106859008,1418049164754817024,'formAllInstance:formAllInstance:stop',2,'终止',1,1627840812899373056,CURDATE(),1627840812899373056,CURDATE(),1);
INSERT INTO `sys_perm_code` VALUES (1418049398776008704,1418049164754817024,'formAllInstance:formAllInstance:delete',2,'删除',2,1627840812899373056,CURDATE(),1627840812899373056,CURDATE(),1);
INSERT INTO `sys_perm_code` VALUES (1418050322282057728,1418050031436435456,'formMyTask:formMyTask',1,'我的待办',1,1627840812899373056,CURDATE(),1627840812899373056,CURDATE(),1);
INSERT INTO `sys_perm_code` VALUES (1418057346877231104,1418057020824621056,'formMyHistoryTask:formMyHistoryTask',1,'历史流程',1,1627840812899373056,CURDATE(),1627840812899373056,CURDATE(),1);
INSERT INTO `sys_perm_code` VALUES (1423637544578322432,1423636498195943424,'formMyApprovedTask:formMyApprovedTask',1,'已办任务',1,1627840812899373056,CURDATE(),1627840812899373056,CURDATE(),1);
COMMIT;

-- ----------------------------
-- 全部菜单和权限字关系数据
-- ----------------------------
BEGIN;
INSERT INTO `sys_menu_perm_code` VALUES(1627843912880099425,1627843912880099432);
INSERT INTO `sys_menu_perm_code` VALUES(1627843912880099426,1627843912880099433);
INSERT INTO `sys_menu_perm_code` VALUES(1627843912880099427,1627843912880099434);
INSERT INTO `sys_menu_perm_code` VALUES(1627843912880099428,1627843912880099435);
INSERT INTO `sys_menu_perm_code` VALUES(1627843912880099429,1627843912880099436);
INSERT INTO `sys_menu_perm_code` VALUES(1627843912880099430,1627843912880099437);
INSERT INTO `sys_menu_perm_code` VALUES(1627843912880099439,1627843912880099444);
INSERT INTO `sys_menu_perm_code` VALUES(1627843912880099440,1627843912880099445);
INSERT INTO `sys_menu_perm_code` VALUES(1627843912880099441,1627843912880099446);
INSERT INTO `sys_menu_perm_code` VALUES(1627843912880099442,1627843912880099447);
INSERT INTO `sys_menu_perm_code` VALUES(1627843912880099451,1627843912880099460);
INSERT INTO `sys_menu_perm_code` VALUES(1627843912880099456,1627843912880099461);
INSERT INTO `sys_menu_perm_code` VALUES(1627843912880099452,1627843912880099462);
INSERT INTO `sys_menu_perm_code` VALUES(1627843912880099453,1627843912880099463);
INSERT INTO `sys_menu_perm_code` VALUES(1627843912880099454,1627843912880099464);
INSERT INTO `sys_menu_perm_code` VALUES(1627843912880099457,1627843912880099466);
INSERT INTO `sys_menu_perm_code` VALUES(1627843912880099458,1627843912880099467);
INSERT INTO `sys_menu_perm_code` VALUES(1627843912880099455,1627843912880099465);
INSERT INTO `sys_menu_perm_code` VALUES(1627843912880099471,1627843912880099479);
INSERT INTO `sys_menu_perm_code` VALUES(1627843912880099475,1627843912880099480);
INSERT INTO `sys_menu_perm_code` VALUES(1627843912880099472,1627843912880099481);
INSERT INTO `sys_menu_perm_code` VALUES(1627843912880099473,1627843912880099482);
INSERT INTO `sys_menu_perm_code` VALUES(1627843912880099474,1627843912880099483);
INSERT INTO `sys_menu_perm_code` VALUES(1627843912880099476,1627843912880099484);
INSERT INTO `sys_menu_perm_code` VALUES(1627843912880099477,1627843912880099485);
INSERT INTO `sys_menu_perm_code` VALUES(1627843912880099487,1627843912880099493);
INSERT INTO `sys_menu_perm_code` VALUES(1627843912880099489,1627843912880099495);
INSERT INTO `sys_menu_perm_code` VALUES(1627843912880099488,1627843912880099494);
INSERT INTO `sys_menu_perm_code` VALUES(1627843912880099490,1627843912880099496);
INSERT INTO `sys_menu_perm_code` VALUES(1627843912880099491,1627843912880099497);
INSERT INTO `sys_menu_perm_code` VALUES(1627843912880099499,1627843912880099505);
INSERT INTO `sys_menu_perm_code` VALUES(1627843912880099500,1627843912880099506);
INSERT INTO `sys_menu_perm_code` VALUES(1627843912880099501,1627843912880099507);
INSERT INTO `sys_menu_perm_code` VALUES(1627843912880099502,1627843912880099508);
INSERT INTO `sys_menu_perm_code` VALUES(1627843912880099503,1627843912880099509);
INSERT INTO `sys_menu_perm_code` VALUES(1627843912880099511,1627843912880099520);
INSERT INTO `sys_menu_perm_code` VALUES(1627843912880099512,1627843912880099521);
INSERT INTO `sys_menu_perm_code` VALUES(1627843912880099513,1627843912880099522);
INSERT INTO `sys_menu_perm_code` VALUES(1627843912880099514,1627843912880099523);
INSERT INTO `sys_menu_perm_code` VALUES(1627843912880099515,1627843912880099524);
INSERT INTO `sys_menu_perm_code` VALUES(1627843912880099516,1627843912880099525);
INSERT INTO `sys_menu_perm_code` VALUES(1627843912880099517,1627843912880099526);
INSERT INTO `sys_menu_perm_code` VALUES(1627843912880099518,1627843912880099527);
INSERT INTO `sys_menu_perm_code` VALUES(1627840812991647751,1627843912880099535);
INSERT INTO `sys_menu_perm_code` VALUES(1627840812991647751,1627843912880099536);
INSERT INTO `sys_menu_perm_code` VALUES(1627840812991647751,1627843912880099537);
INSERT INTO `sys_menu_perm_code` VALUES(1627840812991647751,1627843912880099538);
INSERT INTO `sys_menu_perm_code` VALUES(1627840812991647751,1627843912880099539);
INSERT INTO `sys_menu_perm_code` VALUES(1627843912880099529,1627843912880099535);
INSERT INTO `sys_menu_perm_code` VALUES(1627843912880099530,1627843912880099536);
INSERT INTO `sys_menu_perm_code` VALUES(1627843912880099531,1627843912880099537);
INSERT INTO `sys_menu_perm_code` VALUES(1627843912880099532,1627843912880099538);
INSERT INTO `sys_menu_perm_code` VALUES(1627843912880099533,1627843912880099539);
INSERT INTO `sys_menu_perm_code` VALUES(1627843912880099541,1627843912880099543);
INSERT INTO `sys_menu_perm_code` VALUES(1627843912880099545,1627843912880099548);
INSERT INTO `sys_menu_perm_code` VALUES(1627843912880099546,1627843912880099549);

-- ----------------------------
-- 以下记录用于工作流，这里的注释，是为了便于老用户进行手动数据补偿。
-- ----------------------------
INSERT INTO `sys_menu_perm_code` VALUES (1418057835631087616,1418046848794365952);
INSERT INTO `sys_menu_perm_code` VALUES (1418058049951633408,1418046986677915648);
INSERT INTO `sys_menu_perm_code` VALUES (1418058115667988480,1418047095188754432);
INSERT INTO `sys_menu_perm_code` VALUES (1418058170542067712,1418047182946177024);
INSERT INTO `sys_menu_perm_code` VALUES (1418058289182150656,1418048205177753600);
INSERT INTO `sys_menu_perm_code` VALUES (1418058602723151872,1418048335343783936);
INSERT INTO `sys_menu_perm_code` VALUES (1418058744037642240,1418049164754817024);
INSERT INTO `sys_menu_perm_code` VALUES (1418058844164067328,1418049287106859008);
INSERT INTO `sys_menu_perm_code` VALUES (1418058907674218496,1418049398776008704);
INSERT INTO `sys_menu_perm_code` VALUES (1418059167532322816,1418050322282057728);
INSERT INTO `sys_menu_perm_code` VALUES (1418058515099947008,1418050797706416128);
INSERT INTO `sys_menu_perm_code` VALUES (1418059283920064512,1418057346877231104);
INSERT INTO `sys_menu_perm_code` VALUES (1423161217970606080,1423636498195943424);
INSERT INTO `sys_menu_perm_code` VALUES (1423161217970606080,1423637544578322432);
COMMIT;

-- ----------------------------
-- 全部权限资源模块数据
-- ----------------------------
BEGIN;
INSERT INTO `sys_perm_module` VALUES(1627840813000036353,NULL,'缺省分组',0,3,1627840812899373056,CURDATE(),1627840812899373056,CURDATE(),1);
INSERT INTO `sys_perm_module` VALUES(1627840813000036352,NULL,'系统配置',0,2,1627840812899373056,CURDATE(),1627840812899373056,CURDATE(),1);
INSERT INTO `sys_perm_module` VALUES(1627840812937121794,NULL,'用户权限',0,1,1627840812899373056,CURDATE(),1627840812899373056,CURDATE(),1);
INSERT INTO `sys_perm_module` VALUES(1627843912880099407,1627840813000036352,'字典管理',0,0,1627840812899373056,CURDATE(),1627840812899373056,CURDATE(),1);
INSERT INTO `sys_perm_module` VALUES(1627840813167808512,1627840812937121794,'部门管理',1,0,1627840812899373056,CURDATE(),1627840812899373056,CURDATE(),1);
INSERT INTO `sys_perm_module` VALUES(1627840813117476864,1627840812937121794,'用户管理',1,5,1627840812899373056,CURDATE(),1627840812899373056,CURDATE(),1);
INSERT INTO `sys_perm_module` VALUES(1627843912880099354,1627840812937121794,'角色管理',1,10,1627840812899373056,CURDATE(),1627840812899373056,CURDATE(),1);
INSERT INTO `sys_perm_module` VALUES(1627843912880099366,1627840812937121794,'数据权限管理',1,15,1627840812899373056,CURDATE(),1627840812899373056,CURDATE(),1);
INSERT INTO `sys_perm_module` VALUES(1627843912880099376,1627840812937121794,'菜单管理',1,20,1627840812899373056,CURDATE(),1627840812899373056,CURDATE(),1);
INSERT INTO `sys_perm_module` VALUES(1627843912880099384,1627840812937121794,'权限字管理',1,25,1627840812899373056,CURDATE(),1627840812899373056,CURDATE(),1);
INSERT INTO `sys_perm_module` VALUES(1627843912880099392,1627840812937121794,'权限模块管理',1,30,1627840812899373056,CURDATE(),1627840812899373056,CURDATE(),1);
INSERT INTO `sys_perm_module` VALUES(1627843912880099398,1627840812937121794,'权限资源管理',1,35,1627840812899373056,CURDATE(),1627840812899373056,CURDATE(),1);
INSERT INTO `sys_perm_module` VALUES(1627843912880099408,1627843912880099407,'编码字典',1,0,1627840812899373056,CURDATE(),1627840812899373056,CURDATE(),1);
INSERT INTO `sys_perm_module` VALUES(1627843912880099418,1627840813000036352,'操作日志',1,5,1627840812899373056,CURDATE(),1627840812899373056,CURDATE(),1);
INSERT INTO `sys_perm_module` VALUES(1627843912880099420,1627840813000036352,'在线用户',1,10,1627840812899373056,CURDATE(),1627840812899373056,CURDATE(),1);

-- ----------------------------
-- 以下记录用于工作流，这里的注释，是为了便于老用户进行手动数据补偿。
-- ----------------------------
INSERT INTO `sys_perm_module` VALUES (1418028920103505920,NULL,'流程管理',0,6,1627840812899373056,CURDATE(),1627840812899373056,CURDATE(),1);
INSERT INTO `sys_perm_module` VALUES (1418038955105849344,NULL,'工单列表',0,7,1627840812899373056,CURDATE(),1627840812899373056,CURDATE(),1);
INSERT INTO `sys_perm_module` VALUES (1418029566533832704,1418028920103505920,'流程分类',1,1,1627840812899373056,CURDATE(),1627840812899373056,CURDATE(),1);
INSERT INTO `sys_perm_module` VALUES (1418029615040958464,1418028920103505920,'流程设计',1,2,1627840812899373056,CURDATE(),1627840812899373056,CURDATE(),1);
INSERT INTO `sys_perm_module` VALUES (1418030256765276160,1418028920103505920,'流程操作',1,4,1627840812899373056,CURDATE(),1627840812899373056,CURDATE(),1);
INSERT INTO `sys_perm_module` VALUES (1418031999276290048,1418028920103505920,'流程变量',1,3,1627840812899373056,CURDATE(),1627840812899373056,CURDATE(),1);
INSERT INTO `sys_perm_module` VALUES (1418051228918616064,1418028920103505920,'启动流程',1,5,1627840812899373056,CURDATE(),1627840812899373056,CURDATE(),1);
INSERT INTO `sys_perm_module` VALUES (1418051634793025536,1418028920103505920,'审批流程',1,6,1627840812899373056,CURDATE(),1627840812899373056,CURDATE(),1);
INSERT INTO `sys_perm_module` VALUES (1418054414190514176,1418028920103505920,'流程审批数据',1,7,1627840812899373056,CURDATE(),1627840812899373056,CURDATE(),1);
INSERT INTO `sys_perm_module` VALUES (1423635643371622400,1418028920103505920,'已办任务',1,8,1627840812899373056,CURDATE(),1627840812899373056,CURDATE(),1);
COMMIT;

-- ----------------------------
-- 全部权限资源数据
-- ----------------------------
BEGIN;
INSERT INTO `sys_perm` VALUES(1627840813180391424,1627840813167808512,'新增','/admin/upms/sysDept/add',1,1627840812899373056,CURDATE(),1627840812899373056,CURDATE(),1);
INSERT INTO `sys_perm` VALUES(1627840813180391433,1627840813167808512,'编辑','/admin/upms/sysDept/update',2,1627840812899373056,CURDATE(),1627840812899373056,CURDATE(),1);
INSERT INTO `sys_perm` VALUES(1627840813180391443,1627840813167808512,'删除','/admin/upms/sysDept/delete',3,1627840812899373056,CURDATE(),1627840812899373056,CURDATE(),1);
INSERT INTO `sys_perm` VALUES(1627840813180391445,1627840813167808512,'导入','/admin/upms/sysDept/import',4,1627840812899373056,CURDATE(),1627840812899373056,CURDATE(),1);
INSERT INTO `sys_perm` VALUES(1627840813180391446,1627840813167808512,'批量删除','/admin/upms/sysDept/deleteBatch',5,1627840812899373056,CURDATE(),1627840812899373056,CURDATE(),1);
INSERT INTO `sys_perm` VALUES(1627840813188780032,1627840813167808512,'显示列表','/admin/upms/sysDept/list',6,1627840812899373056,CURDATE(),1627840812899373056,CURDATE(),1);
INSERT INTO `sys_perm` VALUES(1627840813188780035,1627840813167808512,'导出','/admin/upms/sysDept/export',7,1627840812899373056,CURDATE(),1627840812899373056,CURDATE(),1);
INSERT INTO `sys_perm` VALUES(1627840813188780038,1627840813167808512,'详情','/admin/upms/sysDept/view',8,1627840812899373056,CURDATE(),1627840812899373056,CURDATE(),1);
INSERT INTO `sys_perm` VALUES(1627840813188780040,1627840813167808512,'打印','/admin/upms/sysDept/print',9,1627840812899373056,CURDATE(),1627840812899373056,CURDATE(),1);
INSERT INTO `sys_perm` VALUES(1627840813134254080,1627840813117476864,'新增','/admin/upms/sysUser/add',1,1627840812899373056,CURDATE(),1627840812899373056,CURDATE(),1);
INSERT INTO `sys_perm` VALUES(1627840813134254095,1627840813117476864,'编辑','/admin/upms/sysUser/update',2,1627840812899373056,CURDATE(),1627840812899373056,CURDATE(),1);
INSERT INTO `sys_perm` VALUES(1627840813134254111,1627840813117476864,'删除','/admin/upms/sysUser/delete',3,1627840812899373056,CURDATE(),1627840812899373056,CURDATE(),1);
INSERT INTO `sys_perm` VALUES(1627840813134254113,1627840813117476864,'导入','/admin/upms/sysUser/import',4,1627840812899373056,CURDATE(),1627840812899373056,CURDATE(),1);
INSERT INTO `sys_perm` VALUES(1627840813134254114,1627840813117476864,'批量删除','/admin/upms/sysUser/deleteBatch',5,1627840812899373056,CURDATE(),1627840812899373056,CURDATE(),1);
INSERT INTO `sys_perm` VALUES(1627840813151031296,1627840813117476864,'显示列表','/admin/upms/sysUser/list',6,1627840812899373056,CURDATE(),1627840812899373056,CURDATE(),1);
INSERT INTO `sys_perm` VALUES(1627840813151031302,1627840813117476864,'导出','/admin/upms/sysUser/export',7,1627840812899373056,CURDATE(),1627840812899373056,CURDATE(),1);
INSERT INTO `sys_perm` VALUES(1627840813151031308,1627840813117476864,'详情','/admin/upms/sysUser/view',8,1627840812899373056,CURDATE(),1627840812899373056,CURDATE(),1);
INSERT INTO `sys_perm` VALUES(1627840813151031310,1627840813117476864,'打印','/admin/upms/sysUser/print',9,1627840812899373056,CURDATE(),1627840812899373056,CURDATE(),1);
INSERT INTO `sys_perm` VALUES(1627840813159419904,1627840813117476864,'重置密码','/admin/upms/sysUser/resetPassword',10,1627840812899373056,CURDATE(),1627840812899373056,CURDATE(),1);
INSERT INTO `sys_perm` VALUES(1627840813033590799,1627840813117476864,'用户管理文件上传','/admin/upms/sysUser/upload',11,1627840812899373056,CURDATE(),1627840812899373056,CURDATE(),1);
INSERT INTO `sys_perm` VALUES(1627840813033590798,1627840813117476864,'用户管理文件下载','/admin/upms/sysUser/download',12,1627840812899373056,CURDATE(),1627840812899373056,CURDATE(),1);
INSERT INTO `sys_perm` VALUES(1627843912880099351,1627840813117476864,'用户权限资源分配详情','/admin/upms/sysUser/listSysPermWithDetail',13,1627840812899373056,CURDATE(),1627840812899373056,CURDATE(),1);
INSERT INTO `sys_perm` VALUES(1627843912880099352,1627840813117476864,'用户权限字分配详情','/admin/upms/sysUser/listSysPermCodeWithDetail',14,1627840812899373056,CURDATE(),1627840812899373056,CURDATE(),1);
INSERT INTO `sys_perm` VALUES(1627843912880099353,1627840813117476864,'用户菜单分配详情','/admin/upms/sysUser/listSysMenuWithDetail',15,1627840812899373056,CURDATE(),1627840812899373056,CURDATE(),1);
INSERT INTO `sys_perm` VALUES(1627843912880099355,1627843912880099354,'新增','/admin/upms/sysRole/add',1,1627840812899373056,CURDATE(),1627840812899373056,CURDATE(),1);
INSERT INTO `sys_perm` VALUES(1627843912880099356,1627843912880099354,'编辑','/admin/upms/sysRole/update',2,1627840812899373056,CURDATE(),1627840812899373056,CURDATE(),1);
INSERT INTO `sys_perm` VALUES(1627843912880099357,1627843912880099354,'删除','/admin/upms/sysRole/delete',3,1627840812899373056,CURDATE(),1627840812899373056,CURDATE(),1);
INSERT INTO `sys_perm` VALUES(1627843912880099358,1627843912880099354,'显示列表','/admin/upms/sysRole/list',4,1627840812899373056,CURDATE(),1627840812899373056,CURDATE(),1);
INSERT INTO `sys_perm` VALUES(1627843912880099359,1627843912880099354,'详情','/admin/upms/sysRole/view',5,1627840812899373056,CURDATE(),1627840812899373056,CURDATE(),1);
INSERT INTO `sys_perm` VALUES(1627843912880099360,1627843912880099354,'授权用户','/admin/upms/sysRole/addUserRole',6,1627840812899373056,CURDATE(),1627840812899373056,CURDATE(),1);
INSERT INTO `sys_perm` VALUES(1627843912880099361,1627843912880099354,'移除用户','/admin/upms/sysRole/deleteUserRole',7,1627840812899373056,CURDATE(),1627840812899373056,CURDATE(),1);
INSERT INTO `sys_perm` VALUES(1627843912880099362,1627843912880099354,'角色用户列表','/admin/upms/sysRole/listUserRole',8,1627840812899373056,CURDATE(),1627840812899373056,CURDATE(),1);
INSERT INTO `sys_perm` VALUES(1627843912880099363,1627843912880099354,'角色未添加用户列表','/admin/upms/sysRole/listNotInUserRole',9,1627840812899373056,CURDATE(),1627840812899373056,CURDATE(),1);
INSERT INTO `sys_perm` VALUES(1627843912880099364,1627843912880099354,'角色权限资源分配详情','/admin/upms/sysRole/listSysPermWithDetail',10,1627840812899373056,CURDATE(),1627840812899373056,CURDATE(),1);
INSERT INTO `sys_perm` VALUES(1627843912880099365,1627843912880099354,'角色权限字分配详情','/admin/upms/sysRole/listSysPermCodeWithDetail',11,1627840812899373056,CURDATE(),1627840812899373056,CURDATE(),1);
INSERT INTO `sys_perm` VALUES(1627843912880099367,1627843912880099366,'新增','/admin/upms/sysDataPerm/add',1,1627840812899373056,CURDATE(),1627840812899373056,CURDATE(),1);
INSERT INTO `sys_perm` VALUES(1627843912880099368,1627843912880099366,'编辑','/admin/upms/sysDataPerm/update',2,1627840812899373056,CURDATE(),1627840812899373056,CURDATE(),1);
INSERT INTO `sys_perm` VALUES(1627843912880099369,1627843912880099366,'删除','/admin/upms/sysDataPerm/delete',3,1627840812899373056,CURDATE(),1627840812899373056,CURDATE(),1);
INSERT INTO `sys_perm` VALUES(1627843912880099370,1627843912880099366,'显示列表','/admin/upms/sysDataPerm/list',4,1627840812899373056,CURDATE(),1627840812899373056,CURDATE(),1);
INSERT INTO `sys_perm` VALUES(1627843912880099371,1627843912880099366,'详情','/admin/upms/sysDataPerm/view',5,1627840812899373056,CURDATE(),1627840812899373056,CURDATE(),1);
INSERT INTO `sys_perm` VALUES(1627843912880099372,1627843912880099366,'授权用户','/admin/upms/sysDataPerm/addDataPermUser',5,1627840812899373056,CURDATE(),1627840812899373056,CURDATE(),1);
INSERT INTO `sys_perm` VALUES(1627843912880099373,1627843912880099366,'移除用户','/admin/upms/sysDataPerm/deleteDataPermUser',6,1627840812899373056,CURDATE(),1627840812899373056,CURDATE(),1);
INSERT INTO `sys_perm` VALUES(1627843912880099374,1627843912880099366,'数据权限用户列表','/admin/upms/sysDataPerm/listDataPermUser',7,1627840812899373056,CURDATE(),1627840812899373056,CURDATE(),1);
INSERT INTO `sys_perm` VALUES(1627843912880099375,1627843912880099366,'数据权限未添加用户列表','/admin/upms/sysDataPerm/listNotInDataPermUser',8,1627840812899373056,CURDATE(),1627840812899373056,CURDATE(),1);
INSERT INTO `sys_perm` VALUES(1627843912880099377,1627843912880099376,'新增','/admin/upms/sysMenu/add',1,1627840812899373056,CURDATE(),1627840812899373056,CURDATE(),1);
INSERT INTO `sys_perm` VALUES(1627843912880099378,1627843912880099376,'删除','/admin/upms/sysMenu/delete',2,1627840812899373056,CURDATE(),1627840812899373056,CURDATE(),1);
INSERT INTO `sys_perm` VALUES(1627843912880099379,1627843912880099376,'编辑','/admin/upms/sysMenu/update',3,1627840812899373056,CURDATE(),1627840812899373056,CURDATE(),1);
INSERT INTO `sys_perm` VALUES(1627843912880099380,1627843912880099376,'显示列表','/admin/upms/sysMenu/list',4,1627840812899373056,CURDATE(),1627840812899373056,CURDATE(),1);
INSERT INTO `sys_perm` VALUES(1627843912880099381,1627843912880099376,'详情','/admin/upms/sysMenu/view',5,1627840812899373056,CURDATE(),1627840812899373056,CURDATE(),1);
INSERT INTO `sys_perm` VALUES(1627843912880099382,1627843912880099376,'菜单权限资源分配详情','/admin/upms/sysMenu/listSysPermWithDetail',6,1627840812899373056,CURDATE(),1627840812899373056,CURDATE(),1);
INSERT INTO `sys_perm` VALUES(1627843912880099383,1627843912880099376,'菜单用户分配详情','/admin/upms/sysMenu/listSysUserWithDetail',7,1627840812899373056,CURDATE(),1627840812899373056,CURDATE(),1);
INSERT INTO `sys_perm` VALUES(1627843912880099385,1627843912880099384,'新增','/admin/upms/sysPermCode/add',1,1627840812899373056,CURDATE(),1627840812899373056,CURDATE(),1);
INSERT INTO `sys_perm` VALUES(1627843912880099386,1627843912880099384,'编辑','/admin/upms/sysPermCode/update',2,1627840812899373056,CURDATE(),1627840812899373056,CURDATE(),1);
INSERT INTO `sys_perm` VALUES(1627843912880099387,1627843912880099384,'删除','/admin/upms/sysPermCode/delete',3,1627840812899373056,CURDATE(),1627840812899373056,CURDATE(),1);
INSERT INTO `sys_perm` VALUES(1627843912880099388,1627843912880099384,'显示列表','/admin/upms/sysPermCode/list',4,1627840812899373056,CURDATE(),1627840812899373056,CURDATE(),1);
INSERT INTO `sys_perm` VALUES(1627843912880099389,1627843912880099384,'详情','/admin/upms/sysPermCode/view',5,1627840812899373056,CURDATE(),1627840812899373056,CURDATE(),1);
INSERT INTO `sys_perm` VALUES(1627843912880099390,1627843912880099384,'权限字用户分配详情','/admin/upms/sysPermCode/listSysUserWithDetail',6,1627840812899373056,CURDATE(),1627840812899373056,CURDATE(),1);
INSERT INTO `sys_perm` VALUES(1627843912880099391,1627843912880099384,'权限字角色分配详情','/admin/upms/sysPermCode/listSysRoleWithDetail',7,1627840812899373056,CURDATE(),1627840812899373056,CURDATE(),1);
INSERT INTO `sys_perm` VALUES(1627843912880099393,1627843912880099392,'新增','/admin/upms/sysPermModule/add',1,1627840812899373056,CURDATE(),1627840812899373056,CURDATE(),1);
INSERT INTO `sys_perm` VALUES(1627843912880099394,1627843912880099392,'编辑','/admin/upms/sysPermModule/update',2,1627840812899373056,CURDATE(),1627840812899373056,CURDATE(),1);
INSERT INTO `sys_perm` VALUES(1627843912880099395,1627843912880099392,'删除','/admin/upms/sysPermModule/delete',3,1627840812899373056,CURDATE(),1627840812899373056,CURDATE(),1);
INSERT INTO `sys_perm` VALUES(1627843912880099396,1627843912880099392,'显示列表','/admin/upms/sysPermModule/list',4,1627840812899373056,CURDATE(),1627840812899373056,CURDATE(),1);
INSERT INTO `sys_perm` VALUES(1627843912880099397,1627843912880099392,'显示全部','/admin/upms/sysPermModule/listAll',5,1627840812899373056,CURDATE(),1627840812899373056,CURDATE(),1);
INSERT INTO `sys_perm` VALUES(1627843912880099399,1627843912880099398,'新增','/admin/upms/sysPerm/add',1,1627840812899373056,CURDATE(),1627840812899373056,CURDATE(),1);
INSERT INTO `sys_perm` VALUES(1627843912880099400,1627843912880099398,'编辑','/admin/upms/sysPerm/update',2,1627840812899373056,CURDATE(),1627840812899373056,CURDATE(),1);
INSERT INTO `sys_perm` VALUES(1627843912880099401,1627843912880099398,'删除','/admin/upms/sysPerm/delete',3,1627840812899373056,CURDATE(),1627840812899373056,CURDATE(),1);
INSERT INTO `sys_perm` VALUES(1627843912880099402,1627843912880099398,'显示列表','/admin/upms/sysPerm/list',4,1627840812899373056,CURDATE(),1627840812899373056,CURDATE(),1);
INSERT INTO `sys_perm` VALUES(1627843912880099403,1627843912880099398,'详情','/admin/upms/sysPerm/view',5,1627840812899373056,CURDATE(),1627840812899373056,CURDATE(),1);
INSERT INTO `sys_perm` VALUES(1627843912880099404,1627843912880099398,'权限资源用户分配详情','/admin/upms/sysPerm/listSysUserWithDetail',6,1627840812899373056,CURDATE(),1627840812899373056,CURDATE(),1);
INSERT INTO `sys_perm` VALUES(1627843912880099405,1627843912880099398,'权限资源角色分配详情','/admin/upms/sysPerm/listSysRoleWithDetail',7,1627840812899373056,CURDATE(),1627840812899373056,CURDATE(),1);
INSERT INTO `sys_perm` VALUES(1627843912880099406,1627843912880099398,'权限资源菜单分配详情','/admin/upms/sysPerm/listSysMenuWithDetail',8,1627840812899373056,CURDATE(),1627840812899373056,CURDATE(),1);
INSERT INTO `sys_perm` VALUES(1627843912880099409,1627843912880099408,'新增编码字典','/admin/upms/globalDict/add',1,1627840812899373056,CURDATE(),1627840812899373056,CURDATE(),1);
INSERT INTO `sys_perm` VALUES(1627843912880099410,1627843912880099408,'编辑编码字典','/admin/upms/globalDict/update',2,1627840812899373056,CURDATE(),1627840812899373056,CURDATE(),1);
INSERT INTO `sys_perm` VALUES(1627843912880099411,1627843912880099408,'删除编码字典','/admin/upms/globalDict/delete',3,1627840812899373056,CURDATE(),1627840812899373056,CURDATE(),1);
INSERT INTO `sys_perm` VALUES(1627843912880099412,1627843912880099408,'编码字典列表','/admin/upms/globalDict/list',4,1627840812899373056,CURDATE(),1627840812899373056,CURDATE(),1);
INSERT INTO `sys_perm` VALUES(1627843912880099413,1627843912880099408,'新增编码字典数据','/admin/upms/globalDict/addItem',5,1627840812899373056,CURDATE(),1627840812899373056,CURDATE(),1);
INSERT INTO `sys_perm` VALUES(1627843912880099414,1627843912880099408,'编辑编码字典数据','/admin/upms/globalDict/updateItem',6,1627840812899373056,CURDATE(),1627840812899373056,CURDATE(),1);
INSERT INTO `sys_perm` VALUES(1627843912880099415,1627843912880099408,'编辑编码字典数据状态','/admin/upms/globalDict/updateItemStatus',7,1627840812899373056,CURDATE(),1627840812899373056,CURDATE(),1);
INSERT INTO `sys_perm` VALUES(1627843912880099416,1627843912880099408,'删除编码字典数据','/admin/upms/globalDict/deleteItem',8,1627840812899373056,CURDATE(),1627840812899373056,CURDATE(),1);
INSERT INTO `sys_perm` VALUES(1627843912880099417,1627843912880099408,'编码字典数据同步缓存','/admin/upms/globalDict/reloadCachedData',9,1627840812899373056,CURDATE(),1627840812899373056,CURDATE(),1);
INSERT INTO `sys_perm` VALUES(1627843912880099419,1627843912880099418,'显示列表','/admin/upms/sysOperationLog/list',1,1627840812899373056,CURDATE(),1627840812899373056,CURDATE(),1);
INSERT INTO `sys_perm` VALUES(1627843912880099421,1627843912880099420,'显示列表','/admin/upms/loginUser/list',1,1627840812899373056,CURDATE(),1627840812899373056,CURDATE(),1);
INSERT INTO `sys_perm` VALUES(1627843912880099422,1627843912880099420,'删除','/admin/upms/loginUser/delete',1,1627840812899373056,CURDATE(),1627840812899373056,CURDATE(),1);

-- ----------------------------
-- 以下记录用于工作流，这里的注释，是为了便于老用户进行手动数据补偿。
-- ----------------------------
INSERT INTO `sys_perm` VALUES (1418030338508066816,1418029566533832704,'显示列表','/admin/flow/flowCategory/list',1,1627840812899373056,CURDATE(),1627840812899373056,CURDATE(),1);
INSERT INTO `sys_perm` VALUES (1418030386436378624,1418029566533832704,'新增','/admin/flow/flowCategory/add',2,1627840812899373056,CURDATE(),1627840812899373056,CURDATE(),1);
INSERT INTO `sys_perm` VALUES (1418030437971791872,1418029566533832704,'编辑','/admin/flow/flowCategory/update',3,1627840812899373056,CURDATE(),1627840812899373056,CURDATE(),1);
INSERT INTO `sys_perm` VALUES (1418030477918343168,1418029566533832704,'删除','/admin/flow/flowCategory/delete',4,1627840812899373056,CURDATE(),1627840812899373056,CURDATE(),1);
INSERT INTO `sys_perm` VALUES (1418030533757112320,1418029566533832704,'详情','/admin/flow/flowCategory/view',5,1627840812899373056,CURDATE(),1627840812899373056,CURDATE(),1);
INSERT INTO `sys_perm` VALUES (1418031006660694016,1418029615040958464,'显示列表','/admin/flow/flowEntry/list',1,1627840812899373056,CURDATE(),1627840812899373056,CURDATE(),1);
INSERT INTO `sys_perm` VALUES (1418031078391681024,1418029615040958464,'新增','/admin/flow/flowEntry/add',2,1627840812899373056,CURDATE(),1627840812899373056,CURDATE(),1);
INSERT INTO `sys_perm` VALUES (1418031120481521664,1418029615040958464,'编辑','/admin/flow/flowEntry/update',3,1627840812899373056,CURDATE(),1627840812899373056,CURDATE(),1);
INSERT INTO `sys_perm` VALUES (1418031174604820480,1418029615040958464,'删除','/admin/flow/flowEntry/delete',4,1627840812899373056,CURDATE(),1627840812899373056,CURDATE(),1);
INSERT INTO `sys_perm` VALUES (1418031219706171392,1418029615040958464,'详情','/admin/flow/flowEntry/view',5,1627840812899373056,CURDATE(),1627840812899373056,CURDATE(),1);
INSERT INTO `sys_perm` VALUES (1418031304779239424,1418029615040958464,'发布','/admin/flow/flowEntry/publish',6,1627840812899373056,CURDATE(),1627840812899373056,CURDATE(),1);
INSERT INTO `sys_perm` VALUES (1418031515207471104,1418029615040958464,'流程版本列表','/admin/flow/flowEntry/listFlowEntryPublish',7,1627840812899373056,CURDATE(),1627840812899373056,CURDATE(),1);
INSERT INTO `sys_perm` VALUES (1418031648351457280,1418029615040958464,'设置主版本','/admin/flow/flowEntry/updateMainVersion',8,1627840812899373056,CURDATE(),1627840812899373056,CURDATE(),1);
INSERT INTO `sys_perm` VALUES (1418031712788549632,1418029615040958464,'挂起','/admin/flow/flowEntry/suspendFlowEntryPublish',9,1627840812899373056,CURDATE(),1627840812899373056,CURDATE(),1);
INSERT INTO `sys_perm` VALUES (1418031801271586816,1418029615040958464,'激活','/admin/flow/flowEntry/activateFlowEntryPublish',10,1627840812899373056,CURDATE(),1627840812899373056,CURDATE(),1);
INSERT INTO `sys_perm` VALUES (1418032222232907776,1418031999276290048,'显示列表','/admin/flow/flowEntryVariable/list',1,1627840812899373056,CURDATE(),1627840812899373056,CURDATE(),1);
INSERT INTO `sys_perm` VALUES (1418032258429751296,1418031999276290048,'新增','/admin/flow/flowEntryVariable/add',2,1627840812899373056,CURDATE(),1627840812899373056,CURDATE(),1);
INSERT INTO `sys_perm` VALUES (1418032300414734336,1418031999276290048,'编辑','/admin/flow/flowEntryVariable/update',3,1627840812899373056,CURDATE(),1627840812899373056,CURDATE(),1);
INSERT INTO `sys_perm` VALUES (1418032344064856064,1418031999276290048,'删除','/admin/flow/flowEntryVariable/delete',4,1627840812899373056,CURDATE(),1627840812899373056,CURDATE(),1);
INSERT INTO `sys_perm` VALUES (1418032382409183232,1418031999276290048,'详情','/admin/flow/flowEntryVariable/view',5,1627840812899373056,CURDATE(),1627840812899373056,CURDATE(),1);
INSERT INTO `sys_perm` VALUES (1418033804987076608,1418030256765276160,'流程实例列表','/admin/flow/flowOperation/listAllHistoricProcessInstance',1,1627840812899373056,CURDATE(),1627840812899373056,CURDATE(),1);
INSERT INTO `sys_perm` VALUES (1418033889183535104,1418030256765276160,'我的历史流程','/admin/flow/flowOperation/listHistoricProcessInstance',2,1627840812899373056,CURDATE(),1627840812899373056,CURDATE(),1);
INSERT INTO `sys_perm` VALUES (1418034243434450944,1418030256765276160,'历史流程数据','/admin/flow/flowOnlineOperation/viewHistoricProcessInstance',3,1627840812899373056,CURDATE(),1627840812899373056,CURDATE(),1);
INSERT INTO `sys_perm` VALUES (1418035997727264768,1418030256765276160,'历史流程信息','/admin/flow/flowOperation/viewInitialHistoricTaskInfo',4,1627840812899373056,CURDATE(),1627840812899373056,CURDATE(),1);
INSERT INTO `sys_perm` VALUES (1418040510253109248,1418030256765276160,'终止流程','/admin/flow/flowOperation/stopProcessInstance',5,1627840812899373056,CURDATE(),1627840812899373056,CURDATE(),1);
INSERT INTO `sys_perm` VALUES (1418040574245605376,1418030256765276160,'删除流程','/admin/flow/flowOperation/deleteProcessInstance',6,1627840812899373056,CURDATE(),1627840812899373056,CURDATE(),1);
INSERT INTO `sys_perm` VALUES (1418040574245605377,1418030256765276160,'流程干预','/admin/flow/flowOperation/interveneRuntimeTask',7,1627840812899373056,CURDATE(),1627840812899373056,CURDATE(),1);
INSERT INTO `sys_perm` VALUES (1418051334564745216,1418051228918616064,'仅启动流程','/admin/flow/flowOperation/startOnly',1,1627840812899373056,CURDATE(),1627840812899373056,CURDATE(),1);
INSERT INTO `sys_perm` VALUES (1418051485324808192,1418051228918616064,'获取启动信息','/admin/flow/flowOperation/viewInitialTaskInfo',2,1627840812899373056,CURDATE(),1627840812899373056,CURDATE(),1);
INSERT INTO `sys_perm` VALUES (1418051693639110656,1418051634793025536,'流程审批','/admin/flow/flowOperation/viewRuntimeTaskInfo',1,1627840812899373056,CURDATE(),1627840812899373056,CURDATE(),1);
INSERT INTO `sys_perm` VALUES (1418054128097038336,1418051634793025536,'在办流程数据','/admin/flow/flowOnlineOperation/viewUserTask',2,1627840812899373056,CURDATE(),1627840812899373056,CURDATE(),1);
INSERT INTO `sys_perm` VALUES (1418054519798894592,1418054414190514176,'获取流程图','/admin/flow/flowOperation/viewProcessBpmn',1,1627840812899373056,CURDATE(),1627840812899373056,CURDATE(),1);
INSERT INTO `sys_perm` VALUES (1418054618176294912,1418054414190514176,'审批历史记录列表','/admin/flow/flowOperation/listFlowTaskComment',2,1627840812899373056,CURDATE(),1627840812899373056,CURDATE(),1);
INSERT INTO `sys_perm` VALUES (1418054792965525504,1418054414190514176,'流程审批状态','/admin/flow/flowOperation/viewHighlightFlowData',3,1627840812899373056,CURDATE(),1627840812899373056,CURDATE(),1);
INSERT INTO `sys_perm` VALUES (1418055060981551104,1418051634793025536,'提交审批数据','/admin/flow/flowOnlineOperation/submitUserTask',3,1627840812899373056,CURDATE(),1627840812899373056,CURDATE(),1);
INSERT INTO `sys_perm` VALUES (1418056212146032640,1418051634793025536,'待办任务列表','/admin/flow/flowOperation/listRuntimeTask',4,1627840812899373056,CURDATE(),1627840812899373056,CURDATE(),1);
INSERT INTO `sys_perm` VALUES (1418056212146032641,1418051634793025536,'待办任务数量','/admin/flow/flowOperation/countRuntimeTask',5,1627840812899373056,CURDATE(),1627840812899373056,CURDATE(),1);
INSERT INTO `sys_perm` VALUES (1418079603167072256,1418054414190514176,'文件上传','/admin/flow/flowOnlineOperation/upload',4,1627840812899373056,CURDATE(),1627840812899373056,CURDATE(),1);
INSERT INTO `sys_perm` VALUES (1418079670594703360,1418054414190514176,'文件下载','/admin/flow/flowOnlineOperation/download',5,1627840812899373056,CURDATE(),1627840812899373056,CURDATE(),1);
INSERT INTO `sys_perm` VALUES (1423635764486344704,1423635643371622400,'已办任务列表','/admin/flow/flowOperation/listHistoricTask',1,1627840812899373056,CURDATE(),1627840812899373056,CURDATE(),1);
INSERT INTO `sys_perm` VALUES (1423635851312631808,1423635643371622400,'已办任务信息','/admin/flow/flowOperation/viewHistoricTaskInfo',2,1627840812899373056,CURDATE(),1627840812899373056,CURDATE(),1);
INSERT INTO `sys_perm` VALUES (1423636091033882624,1423635643371622400,'加签','/admin/flow/flowOperation/submitConsign',3,1627840812899373056,CURDATE(),1627840812899373056,CURDATE(),1);
INSERT INTO `sys_perm` VALUES (1423984506028691456,1418030256765276160,'撤销工单','/admin/flow/flowOperation/cancelWorkOrder',7,1627840812899373056,CURDATE(),1627840812899373056,CURDATE(),1);
COMMIT;

-- ----------------------------
-- 全部权限字和权限资源关系数据
-- ----------------------------
BEGIN;
INSERT INTO `sys_perm_code_perm` VALUES(1627843912880099432,1627840813151031296);
INSERT INTO `sys_perm_code_perm` VALUES(1627843912880099432,1627840813151031302);
INSERT INTO `sys_perm_code_perm` VALUES(1627843912880099433,1627840813134254080);
INSERT INTO `sys_perm_code_perm` VALUES(1627843912880099433,1627840813188780032);
INSERT INTO `sys_perm_code_perm` VALUES(1627843912880099433,1627843912880099370);
INSERT INTO `sys_perm_code_perm` VALUES(1627843912880099433,1627843912880099358);
INSERT INTO `sys_perm_code_perm` VALUES(1627843912880099434,1627840813151031308);
INSERT INTO `sys_perm_code_perm` VALUES(1627843912880099434,1627840813134254095);
INSERT INTO `sys_perm_code_perm` VALUES(1627843912880099434,1627840813151031310);
INSERT INTO `sys_perm_code_perm` VALUES(1627843912880099434,1627840813188780032);
INSERT INTO `sys_perm_code_perm` VALUES(1627843912880099434,1627843912880099370);
INSERT INTO `sys_perm_code_perm` VALUES(1627843912880099434,1627843912880099358);
INSERT INTO `sys_perm_code_perm` VALUES(1627843912880099435,1627840813134254111);
INSERT INTO `sys_perm_code_perm` VALUES(1627843912880099436,1627840813159419904);
INSERT INTO `sys_perm_code_perm` VALUES(1627843912880099437,1627843912880099353);
INSERT INTO `sys_perm_code_perm` VALUES(1627843912880099437,1627843912880099352);
INSERT INTO `sys_perm_code_perm` VALUES(1627843912880099437,1627843912880099351);
INSERT INTO `sys_perm_code_perm` VALUES(1627843912880099444,1627840813188780032);
INSERT INTO `sys_perm_code_perm` VALUES(1627843912880099444,1627840813188780035);
INSERT INTO `sys_perm_code_perm` VALUES(1627843912880099445,1627840813180391424);
INSERT INTO `sys_perm_code_perm` VALUES(1627843912880099446,1627840813188780038);
INSERT INTO `sys_perm_code_perm` VALUES(1627843912880099446,1627840813180391433);
INSERT INTO `sys_perm_code_perm` VALUES(1627843912880099446,1627840813188780040);
INSERT INTO `sys_perm_code_perm` VALUES(1627843912880099447,1627840813180391443);
INSERT INTO `sys_perm_code_perm` VALUES(1627843912880099460,1627843912880099358);
INSERT INTO `sys_perm_code_perm` VALUES(1627843912880099462,1627843912880099355);
INSERT INTO `sys_perm_code_perm` VALUES(1627843912880099462,1627843912880099380);
INSERT INTO `sys_perm_code_perm` VALUES(1627843912880099463,1627843912880099359);
INSERT INTO `sys_perm_code_perm` VALUES(1627843912880099463,1627843912880099356);
INSERT INTO `sys_perm_code_perm` VALUES(1627843912880099463,1627843912880099380);
INSERT INTO `sys_perm_code_perm` VALUES(1627843912880099465,1627843912880099365);
INSERT INTO `sys_perm_code_perm` VALUES(1627843912880099465,1627843912880099364);
INSERT INTO `sys_perm_code_perm` VALUES(1627843912880099464,1627843912880099357);
INSERT INTO `sys_perm_code_perm` VALUES(1627843912880099461,1627843912880099362);
INSERT INTO `sys_perm_code_perm` VALUES(1627843912880099466,1627843912880099360);
INSERT INTO `sys_perm_code_perm` VALUES(1627843912880099466,1627843912880099363);
INSERT INTO `sys_perm_code_perm` VALUES(1627843912880099467,1627843912880099361);
INSERT INTO `sys_perm_code_perm` VALUES(1627843912880099479,1627843912880099370);
INSERT INTO `sys_perm_code_perm` VALUES(1627843912880099481,1627843912880099367);
INSERT INTO `sys_perm_code_perm` VALUES(1627843912880099482,1627843912880099371);
INSERT INTO `sys_perm_code_perm` VALUES(1627843912880099482,1627843912880099368);
INSERT INTO `sys_perm_code_perm` VALUES(1627843912880099483,1627843912880099369);
INSERT INTO `sys_perm_code_perm` VALUES(1627843912880099480,1627843912880099374);
INSERT INTO `sys_perm_code_perm` VALUES(1627843912880099484,1627843912880099372);
INSERT INTO `sys_perm_code_perm` VALUES(1627843912880099484,1627843912880099375);
INSERT INTO `sys_perm_code_perm` VALUES(1627843912880099485,1627843912880099373);
INSERT INTO `sys_perm_code_perm` VALUES(1627843912880099493,1627843912880099380);
INSERT INTO `sys_perm_code_perm` VALUES(1627843912880099494,1627843912880099377);
INSERT INTO `sys_perm_code_perm` VALUES(1627843912880099494,1627843912880099388);
INSERT INTO `sys_perm_code_perm` VALUES(1627843912880099495,1627843912880099381);
INSERT INTO `sys_perm_code_perm` VALUES(1627843912880099495,1627843912880099379);
INSERT INTO `sys_perm_code_perm` VALUES(1627843912880099495,1627843912880099388);
INSERT INTO `sys_perm_code_perm` VALUES(1627843912880099496,1627843912880099378);
INSERT INTO `sys_perm_code_perm` VALUES(1627843912880099497,1627843912880099382);
INSERT INTO `sys_perm_code_perm` VALUES(1627843912880099497,1627843912880099383);
INSERT INTO `sys_perm_code_perm` VALUES(1627843912880099505,1627843912880099388);
INSERT INTO `sys_perm_code_perm` VALUES(1627843912880099506,1627843912880099385);
INSERT INTO `sys_perm_code_perm` VALUES(1627843912880099506,1627843912880099397);
INSERT INTO `sys_perm_code_perm` VALUES(1627843912880099507,1627843912880099389);
INSERT INTO `sys_perm_code_perm` VALUES(1627843912880099507,1627843912880099386);
INSERT INTO `sys_perm_code_perm` VALUES(1627843912880099507,1627843912880099397);
INSERT INTO `sys_perm_code_perm` VALUES(1627843912880099508,1627843912880099387);
INSERT INTO `sys_perm_code_perm` VALUES(1627843912880099509,1627843912880099390);
INSERT INTO `sys_perm_code_perm` VALUES(1627843912880099509,1627843912880099391);
INSERT INTO `sys_perm_code_perm` VALUES(1627843912880099520,1627843912880099396);
INSERT INTO `sys_perm_code_perm` VALUES(1627843912880099520,1627843912880099397);
INSERT INTO `sys_perm_code_perm` VALUES(1627843912880099520,1627843912880099402);
INSERT INTO `sys_perm_code_perm` VALUES(1627843912880099521,1627843912880099393);
INSERT INTO `sys_perm_code_perm` VALUES(1627843912880099522,1627843912880099394);
INSERT INTO `sys_perm_code_perm` VALUES(1627843912880099523,1627843912880099395);
INSERT INTO `sys_perm_code_perm` VALUES(1627843912880099524,1627843912880099399);
INSERT INTO `sys_perm_code_perm` VALUES(1627843912880099525,1627843912880099403);
INSERT INTO `sys_perm_code_perm` VALUES(1627843912880099525,1627843912880099400);
INSERT INTO `sys_perm_code_perm` VALUES(1627843912880099526,1627843912880099401);
INSERT INTO `sys_perm_code_perm` VALUES(1627843912880099527,1627843912880099404);
INSERT INTO `sys_perm_code_perm` VALUES(1627843912880099527,1627843912880099405);
INSERT INTO `sys_perm_code_perm` VALUES(1627843912880099527,1627843912880099406);
INSERT INTO `sys_perm_code_perm` VALUES(1627843912880099535,1627843912880099409);
INSERT INTO `sys_perm_code_perm` VALUES(1627843912880099535,1627843912880099410);
INSERT INTO `sys_perm_code_perm` VALUES(1627843912880099535,1627843912880099411);
INSERT INTO `sys_perm_code_perm` VALUES(1627843912880099535,1627843912880099412);
INSERT INTO `sys_perm_code_perm` VALUES(1627843912880099535,1627843912880099413);
INSERT INTO `sys_perm_code_perm` VALUES(1627843912880099535,1627843912880099414);
INSERT INTO `sys_perm_code_perm` VALUES(1627843912880099535,1627843912880099415);
INSERT INTO `sys_perm_code_perm` VALUES(1627843912880099535,1627843912880099416);
INSERT INTO `sys_perm_code_perm` VALUES(1627843912880099535,1627843912880099417);
INSERT INTO `sys_perm_code_perm` VALUES(1627843912880099543,1627843912880099419);
INSERT INTO `sys_perm_code_perm` VALUES(1627843912880099548,1627843912880099421);
INSERT INTO `sys_perm_code_perm` VALUES(1627843912880099549,1627843912880099422);

-- ----------------------------
-- 以下记录用于工作流，这里的注释，是为了便于老用户进行手动数据补偿。
-- ----------------------------
INSERT INTO `sys_perm_code_perm` VALUES (1418050322282057728,1418026612762349572);
INSERT INTO `sys_perm_code_perm` VALUES (1418050797706416128,1418026612762349572);
INSERT INTO `sys_perm_code_perm` VALUES (1418046848794365952,1418030338508066816);
INSERT INTO `sys_perm_code_perm` VALUES (1418046986677915648,1418030386436378624);
INSERT INTO `sys_perm_code_perm` VALUES (1418047095188754432,1418030437971791872);
INSERT INTO `sys_perm_code_perm` VALUES (1418047182946177024,1418030477918343168);
INSERT INTO `sys_perm_code_perm` VALUES (1418047095188754432,1418030533757112320);
INSERT INTO `sys_perm_code_perm` VALUES (1418048205177753600,1418031006660694016);
INSERT INTO `sys_perm_code_perm` VALUES (1418048335343783936,1418031078391681024);
INSERT INTO `sys_perm_code_perm` VALUES (1418048335343783936,1418031120481521664);
INSERT INTO `sys_perm_code_perm` VALUES (1418048335343783936,1418031174604820480);
INSERT INTO `sys_perm_code_perm` VALUES (1418048335343783936,1418031219706171392);
INSERT INTO `sys_perm_code_perm` VALUES (1418048335343783936,1418031304779239424);
INSERT INTO `sys_perm_code_perm` VALUES (1418048335343783936,1418031515207471104);
INSERT INTO `sys_perm_code_perm` VALUES (1418048335343783936,1418031648351457280);
INSERT INTO `sys_perm_code_perm` VALUES (1418048335343783936,1418031712788549632);
INSERT INTO `sys_perm_code_perm` VALUES (1418048335343783936,1418031801271586816);
INSERT INTO `sys_perm_code_perm` VALUES (1418048335343783936,1418032222232907776);
INSERT INTO `sys_perm_code_perm` VALUES (1418048335343783936,1418032258429751296);
INSERT INTO `sys_perm_code_perm` VALUES (1418048335343783936,1418032300414734336);
INSERT INTO `sys_perm_code_perm` VALUES (1418048335343783936,1418032344064856064);
INSERT INTO `sys_perm_code_perm` VALUES (1418048335343783936,1418032382409183232);
INSERT INTO `sys_perm_code_perm` VALUES (1418049164754817024,1418033804987076608);
INSERT INTO `sys_perm_code_perm` VALUES (1418057346877231104,1418033889183535104);
INSERT INTO `sys_perm_code_perm` VALUES (1418049164754817024,1418034243434450944);
INSERT INTO `sys_perm_code_perm` VALUES (1418057346877231104,1418034243434450944);
INSERT INTO `sys_perm_code_perm` VALUES (1418049164754817024,1418035997727264768);
INSERT INTO `sys_perm_code_perm` VALUES (1418057346877231104,1418035997727264768);
INSERT INTO `sys_perm_code_perm` VALUES (1418049287106859008,1418040510253109248);
INSERT INTO `sys_perm_code_perm` VALUES (1418049287106859008,1418040574245605377);
INSERT INTO `sys_perm_code_perm` VALUES (1418049398776008704,1418040574245605376);
INSERT INTO `sys_perm_code_perm` VALUES (1418050797706416128,1418051334564745216);
INSERT INTO `sys_perm_code_perm` VALUES (1418050797706416128,1418051485324808192);
INSERT INTO `sys_perm_code_perm` VALUES (1418050322282057728,1418051693639110656);
INSERT INTO `sys_perm_code_perm` VALUES (1418050322282057728,1418054128097038336);
INSERT INTO `sys_perm_code_perm` VALUES (1418048335343783936,1418054519798894592);
INSERT INTO `sys_perm_code_perm` VALUES (1418049164754817024,1418054519798894592);
INSERT INTO `sys_perm_code_perm` VALUES (1418050322282057728,1418054519798894592);
INSERT INTO `sys_perm_code_perm` VALUES (1418050797706416128,1418054519798894592);
INSERT INTO `sys_perm_code_perm` VALUES (1418057346877231104,1418054519798894592);
INSERT INTO `sys_perm_code_perm` VALUES (1418050322282057728,1418054618176294912);
INSERT INTO `sys_perm_code_perm` VALUES (1418057346877231104,1418054618176294912);
INSERT INTO `sys_perm_code_perm` VALUES (1418049164754817024,1418054792965525504);
INSERT INTO `sys_perm_code_perm` VALUES (1418050322282057728,1418054792965525504);
INSERT INTO `sys_perm_code_perm` VALUES (1418057346877231104,1418054792965525504);
INSERT INTO `sys_perm_code_perm` VALUES (1418050322282057728,1418055060981551104);
INSERT INTO `sys_perm_code_perm` VALUES (1418050322282057728,1418056212146032640);
INSERT INTO `sys_perm_code_perm` VALUES (1418050322282057728,1418079603167072256);
INSERT INTO `sys_perm_code_perm` VALUES (1418050797706416128,1418079603167072256);
INSERT INTO `sys_perm_code_perm` VALUES (1418050322282057728,1418079670594703360);
INSERT INTO `sys_perm_code_perm` VALUES (1418050797706416128,1418079670594703360);
INSERT INTO `sys_perm_code_perm` VALUES (1418057346877231104,1418079670594703360);
INSERT INTO `sys_perm_code_perm` VALUES (1418048335343783936,1627840813151031296);
INSERT INTO `sys_perm_code_perm` VALUES (1423637544578322432,1418034243434450944);
INSERT INTO `sys_perm_code_perm` VALUES (1423637544578322432,1418054519798894592);
INSERT INTO `sys_perm_code_perm` VALUES (1423637544578322432,1418054618176294912);
INSERT INTO `sys_perm_code_perm` VALUES (1423637544578322432,1418054792965525504);
INSERT INTO `sys_perm_code_perm` VALUES (1423637544578322432,1423635764486344704);
INSERT INTO `sys_perm_code_perm` VALUES (1423637544578322432,1423635851312631808);
INSERT INTO `sys_perm_code_perm` VALUES (1423637544578322432,1423636091033882624);
COMMIT;

-- ----------------------------
-- 全部白名单权限资源数据
-- ----------------------------
BEGIN;
INSERT INTO `sys_perm_whitelist` VALUES ('/admin/upms/login/getLoginInfo','登录模块','获取登录信息');
INSERT INTO `sys_perm_whitelist` VALUES ('/admin/upms/sysRole/listDict','系统管理','角色字典接口');
INSERT INTO `sys_perm_whitelist` VALUES ('/admin/upms/sysRole/listDictByIds','系统管理','角色字典接口');
INSERT INTO `sys_perm_whitelist` VALUES ('/admin/upms/sysUser/list','系统管理','用户列表接口');
INSERT INTO `sys_perm_whitelist` VALUES ('/admin/upms/sysMenu/listMenuDict','系统管理','菜单字典接口');
INSERT INTO `sys_perm_whitelist` VALUES ('/admin/upms/sysDept/listAllChildDeptIdByParentIds','系统管理','获取部门的全部下级部门Id列表');
INSERT INTO `sys_perm_whitelist` VALUES ('/admin/upms/globalDict/listDict','字典管理','全局编码字典列表');
INSERT INTO `sys_perm_whitelist` VALUES ('/admin/upms/globalDict/listDictByIds','字典管理','全局编码字典列表');
INSERT INTO `sys_perm_whitelist` VALUES ('/admin/upms/globalDict/listAll','字典管理','全局编码字典列表');
INSERT INTO `sys_perm_whitelist` VALUES ('/admin/upms/sysDept/listDict','部门管理','部门字典字典列表');
INSERT INTO `sys_perm_whitelist` VALUES ('/admin/upms/sysDept/listDictByIds','部门管理','部门字典字典批量Id列表');
INSERT INTO `sys_perm_whitelist` VALUES ('/admin/upms/sysDept/listDictByParentId','部门管理','部门字典下一级字典列表');
INSERT INTO `sys_perm_whitelist` VALUES ('/admin/upms/login/doLogout','登录模块','退出登陆');
INSERT INTO `sys_perm_whitelist` VALUES ('/admin/upms/login/changePassword','系统管理','修改密码');
INSERT INTO `sys_perm_whitelist` VALUES ('/admin/upms/login/changeHeadImage','系统管理','修改头像');
INSERT INTO `sys_perm_whitelist` VALUES ('/admin/upms/login/downloadHeadImage','系统管理','下载头像');

-- ----------------------------
-- 以下记录用于工作流，这里的注释，是为了便于老用户进行手动数据补偿。
-- ----------------------------
INSERT INTO `sys_perm_whitelist` VALUES ('/admin/flow/flowCategory/listDict','流程管理','流程分类字典');
INSERT INTO `sys_perm_whitelist` VALUES ('/admin/flow/flowEntry/listDict','流程管理','流程字典');
INSERT INTO `sys_perm_whitelist` VALUES ('/admin/flow/flowEntry/viewDict','流程管理','流程部分数据查看');
INSERT INTO `sys_perm_whitelist` VALUES ('/admin/flow/flowOnlineOperation/listFlowEntryForm','流程管理','流程列表包含在线表单列表');
INSERT INTO `sys_perm_whitelist` VALUES ('/admin/flow/flowOnlineOperation/viewCopyBusinessData','流程管理','查看基于在线表单流程的抄送业务数据接口');
INSERT INTO `sys_perm_whitelist` VALUES ('/admin/flow/flowOnlineOperation/viewDraftData','流程管理','查看在线表单的草稿数据');
INSERT INTO `sys_perm_whitelist` VALUES ('/admin/flow/flowOperation/viewDraftData','流程管理','查看静态路由表单的草稿数据');
INSERT INTO `sys_perm_whitelist` VALUES ('/admin/flow/flowOperation/countRuntimeTask','流程管理','待办任务数量');
INSERT INTO `sys_perm_whitelist` VALUES ('/admin/flow/flowOperation/viewInitialTaskInfo','流程管理','查看初始化流程任务信息');
INSERT INTO `sys_perm_whitelist` VALUES ('/admin/flow/flowOperation/viewRuntimeTaskInfo','流程管理','查看运行时流程任务信息');
INSERT INTO `sys_perm_whitelist` VALUES ('/admin/flow/flowOperation/viewHistoricTaskInfo','流程管理','查看历史流程任务信息');
INSERT INTO `sys_perm_whitelist` VALUES ('/admin/flow/flowOperation/viewInitialHistoricTaskInfo','流程管理','查看历史流程初始化任务信息');
INSERT INTO `sys_perm_whitelist` VALUES ('/admin/flow/flowOperation/viewTaskUserInfo','流程管理','查看任务的用户信息列表');
INSERT INTO `sys_perm_whitelist` VALUES ('/admin/flow/flowOperation/submitConsign','流程管理','提交会签的加签减签');
INSERT INTO `sys_perm_whitelist` VALUES ('/admin/flow/flowOperation/listMultiSignAssignees','流程管理','查询会签指派人列表');
INSERT INTO `sys_perm_whitelist` VALUES ('/admin/flow/flowOperation/listFlowTaskComment','流程管理','流程实例审批意见列表');
INSERT INTO `sys_perm_whitelist` VALUES ('/admin/flow/flowOperation/viewProcessBpmn','流程管理','查看流程图');
INSERT INTO `sys_perm_whitelist` VALUES ('/admin/flow/flowOperation/viewHighlightFlowData','流程管理','查看流程图高亮数据');
INSERT INTO `sys_perm_whitelist` VALUES ('/admin/flow/flowOperation/cancelWorkOrder','流程管理','撤销工单');
INSERT INTO `sys_perm_whitelist` VALUES ('/admin/flow/flowOperation/remindRuntimeTask','流程管理','催办任务');
INSERT INTO `sys_perm_whitelist` VALUES ('/admin/flow/flowOperation/listRejectCandidateUserTask','流程管理','列出可驳回的候选用户任务列表');
INSERT INTO `sys_perm_whitelist` VALUES ('/admin/flow/flowOperation/rejectToStartUserTask','流程管理','驳回任务到发起节点');
INSERT INTO `sys_perm_whitelist` VALUES ('/admin/flow/flowOperation/rejectRuntimeTask','流程管理','驳回任务');
INSERT INTO `sys_perm_whitelist` VALUES ('/admin/flow/flowOperation/revokeHistoricTask','流程管理','撤回任务');
INSERT INTO `sys_perm_whitelist` VALUES ('/admin/flow/flowOperation/viewCopyBusinessData','流程管理','查看基于静态表单流程的抄送业务数据接口');
INSERT INTO `sys_perm_whitelist` VALUES ('/admin/flow/flowMessage/getMessageCount','流程管理','查看消息数量');
INSERT INTO `sys_perm_whitelist` VALUES ('/admin/flow/flowMessage/listRemindingTask','流程管理','查看催办消息列表');
INSERT INTO `sys_perm_whitelist` VALUES ('/admin/flow/flowMessage/listCopyMessage','流程管理','查看抄送消息列表');

-- ----------------------------
-- 以下记录用于通用扩展，这里的注释，是为了便于老用户进行手动数据补偿。
-- ----------------------------
INSERT INTO `sys_perm_whitelist` VALUES ('/admin/commonext/bizwidget/list','通用扩展','高级业务组件列表数据');
INSERT INTO `sys_perm_whitelist` VALUES ('/admin/commonext/bizwidget/view','通用扩展','高级业务组件详情数据');

COMMIT;

SET FOREIGN_KEY_CHECKS = 1;
